ID,predict
53608,0.84
51055,0.91
52573,0.1
50458,0.21
52272,0.3
52072,0.81
50973,0.44
50553,0.08
53135,0.14
53835,0.18
51843,0.07
54145,0.38
53878,0.3
54216,0.23
51728,0.29
52863,0.18
50760,0.55
50823,0.43
53928,0.83
52683,0.76
50200,0.18
52984,0.02
50747,0.18
54128,0.15
52001,0.73
50276,0.33
52651,0.75
53535,0.1
52387,0.27
52884,0.96
53205,0.11
52873,0.29
52376,0.42
51950,0.39
51650,0.85
53901,0.1
51919,0.36
50065,0.04
52885,0.48
51413,0.14
52768,0.41
51375,0.18
54157,0.3
53328,0.19
53362,0.16
52202,0.07
50640,0.18
52298,0.41
53477,0.08
50078,0.16
51998,0.29
52336,0.19
52654,0.14
53341,0.21
53868,0.6
52945,0.14
52411,0.11
52222,0.06
51813,0.06
50175,0.35
51744,0.09
53521,0.92
51261,0.0
51619,0.02
51479,0.27
52020,0.19
53306,0.24
53013,0.54
50117,0.13
51992,0.22
54233,0.93
51709,0.72
50930,0.31
50637,0.25
52333,0.35
51627,0.11
53524,0.16
50167,0.1
50330,0.7
53678,0.12
53581,0.77
50243,0.28
50237,0.1
53032,0.8
50235,0.24
50012,0.31
53264,0.62
50729,0.06
53195,0.2
50069,0.58
52091,0.37
50697,0.08
51477,0.09
52262,0.47
53822,0.18
53533,0.98
52983,0.42
50777,0.2
53630,0.16
52743,0.11
52584,0.67
51428,0.16
54194,0.01
52849,0.62
52839,0.69
52867,0.07
53043,0.42
52266,0.1
52478,0.41
51336,0.97
52840,0.26
51997,0.04
53976,0.33
50670,0.18
50370,0.27
50921,0.2
50983,0.45
51456,0.43
53104,0.66
50594,0.4
52201,0.17
52992,0.01
50240,0.34
50014,0.15
52583,0.16
52625,0.27
51357,0.51
50080,0.2
50521,0.11
51886,0.23
52367,0.05
52917,0.12
53378,0.12
50779,0.18
52352,0.21
50021,0.37
50726,0.12
52679,0.01
50389,0.1
50905,0.08
50409,0.28
52473,0.24
52089,0.08
50522,0.08
50603,0.65
53796,0.25
53167,0.17
53351,0.12
53680,0.83
53273,0.61
52913,0.11
50098,0.23
53479,0.11
50804,0.25
50074,0.87
53635,0.0
50189,0.84
53138,0.48
53786,0.77
50268,0.13
53688,0.51
51962,0.17
53639,0.28
53792,0.34
52631,0.46
50129,0.2
52712,0.18
50432,0.56
53221,0.26
53474,0.48
54232,0.4
50151,0.27
52516,0.73
53019,0.0
52510,0.62
50252,0.02
53354,0.67
50448,0.89
52796,0.1
50641,0.25
52189,0.13
53588,0.7
53324,0.35
51809,0.51
50258,0.82
54271,0.1
52785,0.17
50026,0.42
51529,0.1
51636,0.48
52050,0.31
52419,0.22
53228,0.78
52425,0.15
53470,0.11
52139,0.22
50471,0.1
52374,0.82
50136,0.3
51736,0.39
52638,0.12
51458,0.14
51027,0.21
51870,0.79
50960,0.62
52212,0.32
53337,0.19
51421,0.19
51740,0.08
52988,0.41
51551,0.07
51574,0.6
52285,0.12
51984,0.87
52735,0.84
52037,0.09
51522,0.86
52383,0.58
53724,0.64
52435,0.08
51506,0.12
53863,0.8
53212,0.3
50955,0.44
51646,0.08
50769,0.2
50675,0.29
54180,0.18
50174,0.59
52475,0.2
52472,0.27
52312,0.07
51007,0.14
52287,0.49
52334,0.14
50354,0.12
52462,0.03
52731,0.05
53106,0.08
52469,0.76
53076,0.43
50177,0.18
50028,0.68
51856,0.31
53294,0.59
50394,0.63
50791,0.22
51325,0.16
52366,0.47
50372,0.24
51474,0.15
54117,0.08
50413,0.65
51471,0.19
52079,0.06
51553,0.63
52207,0.07
53764,0.15
50806,0.22
52853,0.37
53938,0.55
50353,0.19
52097,0.1
52780,0.92
50390,0.24
53988,0.2
53910,0.94
52128,0.93
53569,0.07
53007,0.13
54039,0.63
52755,0.18
52545,0.36
50342,0.12
52793,0.6
52238,0.09
50782,0.94
51376,0.8
51520,0.02
53075,0.1
51600,0.43
53834,0.15
53964,0.17
51767,0.04
51481,0.05
52998,0.36
52217,0.75
53890,0.03
54196,0.06
53749,0.16
52076,0.61
54197,0.07
52307,0.54
53787,0.43
53805,0.38
51806,0.23
52795,0.54
50256,0.07
51457,0.45
53506,0.07
52765,0.02
52461,0.16
53081,0.08
54086,0.02
52554,0.08
51764,0.15
53689,0.32
53653,0.82
53401,0.34
53402,0.39
50395,0.44
50326,0.2
51830,0.11
52574,0.08
53670,0.38
52802,0.13
51045,0.12
51836,0.41
50694,0.18
52152,0.02
52778,0.02
53770,0.3
50455,0.9
54001,0.14
53067,0.69
52400,0.72
53799,0.23
50962,0.12
50657,0.15
50171,0.34
50035,0.08
52200,0.12
51700,0.36
53259,0.56
51955,0.18
52414,0.2
54195,0.09
54276,0.17
54079,0.21
52979,0.03
52621,0.06
54256,0.02
50901,0.25
50862,0.17
52528,0.77
53016,0.36
50083,0.12
50128,0.02
51496,0.52
51860,0.85
53311,0.12
54125,0.18
50503,0.89
54142,0.29
51849,0.45
50757,0.41
53726,0.04
53211,0.05
51148,0.26
50677,0.1
52512,0.19
51615,0.09
50357,0.48
53691,0.23
54132,0.23
52492,0.37
52664,0.77
50125,0.59
50306,0.12
50746,0.04
52858,0.17
52481,0.72
50216,0.12
53087,0.1
52669,0.19
53386,0.03
50662,0.66
50508,0.05
51989,0.93
51005,0.12
50311,0.15
51450,0.04
50579,0.38
52130,0.06
51125,0.73
51894,0.57
51270,0.18
50060,0.81
50343,0.7
52228,0.19
51406,0.39
51340,0.07
54242,0.13
51787,0.33
50481,0.34
51278,0.24
50736,0.25
50964,0.0
52105,0.13
53892,0.11
51657,0.53
52729,0.79
53721,0.46
53307,0.45
52122,0.17
50447,0.16
53420,0.62
52167,0.68
51277,0.05
53643,0.78
53975,0.3
51290,0.42
51315,0.24
53206,0.67
52586,0.2
54234,0.4
54124,0.2
51697,0.24
50856,0.1
52980,0.81
53489,0.18
53000,0.11
52997,0.08
50750,0.15
52301,0.03
53141,0.48
53573,0.09
51114,0.03
51648,0.09
52415,0.94
51000,0.09
50005,0.19
54249,0.48
51300,0.74
50365,0.08
53544,0.8
51069,0.65
53849,0.38
53158,0.07
52094,0.03
53502,0.16
50690,0.58
50564,0.14
50885,0.14
52544,0.42
52265,0.01
53086,0.36
50981,0.09
52368,0.07
51305,0.08
53695,0.71
53657,0.64
52423,0.53
54008,0.08
50576,0.1
51225,0.48
52017,0.06
50975,0.33
50162,0.18
50077,0.12
53500,0.4
52294,0.42
53698,0.41
53672,0.39
50081,0.58
52320,0.11
51263,0.05
51347,0.27
53098,0.18
54053,0.77
52790,0.2
52646,0.12
53699,0.32
52871,0.07
54085,0.34
53117,0.12
51053,0.09
51779,0.83
53031,0.38
52748,0.89
51524,0.41
51158,0.85
51418,0.07
50027,0.23
51085,0.28
50452,0.13
50255,0.83
51986,0.7
51244,0.04
52026,0.31
53752,0.52
53166,0.7
53345,0.41
53139,0.11
50214,0.34
52681,0.12
54057,0.36
50199,0.6
50246,0.88
53734,0.46
50857,0.25
50463,0.18
54041,0.34
54058,0.04
51569,0.13
51649,0.49
54209,0.08
54007,0.34
50836,0.46
52699,0.25
50164,0.04
50321,0.07
51067,0.61
50610,0.42
50514,0.65
52362,0.19
50251,0.7
51025,0.71
50623,0.02
51572,0.11
50632,0.28
52650,0.07
50988,0.07
53916,0.06
52652,0.67
51397,0.07
53659,0.21
51957,0.05
52899,0.04
51472,0.71
50263,0.27
50018,0.7
53948,0.5
53967,0.13
51250,0.15
50100,0.74
51865,0.12
51123,0.41
50376,0.39
50420,0.75
50611,0.04
51100,0.47
50138,0.17
50995,0.15
50584,0.25
52684,0.41
53806,0.13
54245,0.04
50950,0.13
50896,0.91
52628,0.13
51021,0.16
50883,0.17
53700,0.23
53914,0.16
50501,0.23
52317,0.31
50215,0.22
51750,0.08
52068,0.16
52064,0.24
54139,0.02
53953,0.08
50470,0.18
52188,0.96
50556,0.12
50768,0.35
50972,0.49
53045,0.32
51431,0.12
52235,0.06
53077,0.12
50329,0.24
51172,0.82
53154,0.3
54059,0.06
52974,0.09
51207,0.82
53282,0.18
50325,0.68
52820,0.61
52003,0.15
53281,0.27
53607,0.08
54108,0.37
51443,0.23
52708,0.74
50843,0.12
53855,0.64
53904,0.08
51653,0.15
50400,0.07
53319,0.06
50755,0.28
52125,0.23
52553,0.56
50346,0.22
50278,0.3
51466,0.31
53778,0.12
52640,0.87
50600,0.72
50560,0.38
51679,0.18
50270,0.88
51233,0.09
51968,0.84
52296,0.25
53037,0.4
52842,0.62
54052,0.12
50300,0.03
53753,0.51
51848,0.86
52048,0.04
53033,0.06
50920,0.07
53927,0.04
53930,0.04
51799,0.47
51253,0.18
50195,0.1
53454,0.15
53883,0.21
52350,0.04
51291,0.03
51591,0.79
53431,0.13
51946,0.19
52056,0.21
53779,0.32
51419,0.1
53413,0.69
53512,0.03
53663,0.29
50544,0.28
51577,0.11
53870,0.66
51387,0.03
50047,0.52
50748,0.23
54238,0.17
50737,0.13
52016,0.87
52619,0.19
50969,0.97
53567,0.38
50183,0.77
51681,0.36
51330,0.53
51935,0.11
51706,0.33
53293,0.31
50259,0.92
52117,0.26
52208,0.58
50518,0.54
53490,0.12
50043,0.25
54162,0.45
50568,0.87
52284,0.17
50570,0.06
51094,1.0
51381,0.09
53355,0.36
50261,0.59
52073,0.13
50655,0.04
50796,0.89
53116,0.13
51631,0.18
51720,0.54
50754,0.18
54116,0.1
54077,0.05
54171,0.63
51961,0.15
52329,0.15
50829,0.15
54064,0.15
52850,0.03
53412,0.02
52490,0.68
51464,0.2
53520,0.89
52029,0.88
54005,0.15
50279,0.95
51539,0.09
51200,0.46
53235,0.12
52474,0.39
52131,0.3
50776,0.04
52397,0.68
51800,0.25
51774,0.16
53568,0.53
53058,0.72
53854,0.88
51533,0.38
53178,0.46
51390,0.53
51753,0.38
51793,0.1
50170,0.28
54239,0.4
54032,0.24
53216,0.1
52878,0.13
50833,0.14
52770,0.19
53574,0.02
51676,0.18
51396,0.18
51508,0.06
50375,0.82
51987,0.11
50863,0.04
53487,0.37
53022,0.11
51943,0.71
53427,0.6
52592,0.3
53428,0.24
51956,0.27
51659,0.12
52964,0.85
53879,0.07
52933,0.25
52527,0.08
51541,0.67
51530,0.0
50533,0.13
52120,0.55
51116,0.78
53339,0.16
53934,0.67
53708,0.24
53169,0.19
52773,0.78
51267,0.24
52532,0.19
50575,0.26
50185,0.03
51164,0.44
51716,0.26
51341,0.4
51985,0.16
52183,0.09
51440,0.8
51796,0.22
51863,0.2
52277,0.1
50537,0.32
50865,0.4
53712,0.04
51048,0.59
52086,0.31
52688,0.78
51119,0.32
52182,0.18
53254,0.6
50344,0.19
50541,0.02
50186,0.08
51643,0.28
53839,0.42
52113,0.64
51425,0.93
53710,0.25
54138,0.14
53404,0.24
51754,0.6
51402,0.01
51658,0.86
53982,0.24
53844,0.3
51426,0.66
53163,0.39
53321,0.19
50001,0.66
50601,0.17
50046,0.2
51807,0.7
53251,0.96
53450,0.25
52902,0.1
52579,0.16
52363,0.13
53641,0.21
53739,0.1
53600,0.29
53179,0.91
52470,0.71
53563,0.17
51876,0.04
51630,0.34
52196,0.45
53350,0.34
53555,0.25
53276,0.62
54026,0.86
51088,0.36
51377,0.28
50434,0.43
53125,0.39
53703,0.45
50055,0.14
52614,0.15
50820,0.42
52341,0.64
52219,0.02
53886,0.07
50087,0.13
53971,0.56
51515,0.73
51687,0.22
50982,0.05
53447,0.85
52375,0.1
53072,0.14
51103,0.42
50700,0.17
51725,0.06
53831,0.04
52900,0.4
52599,0.17
52293,0.9
50622,0.18
52112,0.77
53299,0.03
51297,0.39
52837,0.24
53702,0.11
51978,0.15
50442,0.27
51281,0.08
51575,0.04
51039,0.71
51994,0.69
51031,0.29
52662,0.76
53807,0.75
52304,0.09
52110,0.11
51392,0.15
52090,0.69
52630,0.56
50137,0.16
51899,0.21
53619,0.51
51274,0.48
53271,0.55
54176,0.1
50404,0.06
50691,0.15
52178,0.8
51632,0.06
51232,0.12
53488,0.09
50053,0.71
50269,0.49
53584,0.25
51247,0.04
50659,0.62
53226,0.29
51480,0.22
53329,0.07
51223,0.32
51444,0.64
53147,0.35
51835,0.64
53348,0.29
52674,0.74
53853,0.2
51527,0.04
50997,0.07
53057,0.03
54022,0.16
52626,0.53
51696,0.42
52002,0.27
53578,0.07
53342,0.06
51190,0.54
50097,0.07
53270,0.16
53679,0.93
51802,0.27
54150,0.15
51201,0.71
52109,0.13
50039,0.03
50913,0.23
50336,0.64
50826,0.06
51851,0.12
53118,0.27
53177,0.12
51109,0.28
53069,0.08
52013,0.68
52761,0.16
52993,0.16
52887,0.02
50909,0.09
51616,0.28
53352,0.41
52941,0.41
50286,0.78
53780,0.44
53911,0.08
52624,0.32
52612,0.13
52011,0.66
50361,0.07
53466,0.36
50660,0.3
50320,0.64
52833,0.85
51204,0.92
51494,0.69
50852,0.42
50728,0.26
53336,0.45
51295,0.11
53255,0.05
51235,0.09
50940,0.28
51936,0.9
52524,0.21
52762,0.29
52232,0.41
52365,0.74
52099,0.19
53054,0.56
52500,0.54
53433,0.17
53881,0.05
53626,0.34
50770,0.35
51409,0.18
53933,0.36
52264,0.13
51065,0.49
53915,0.49
50801,0.53
50331,0.13
52295,0.2
52360,0.99
53772,0.18
50866,0.09
52486,0.14
51234,0.07
53066,0.09
52783,0.09
53652,0.14
52460,0.6
54020,0.34
54006,0.52
50695,0.19
50665,0.29
50319,0.22
53722,0.16
54191,0.14
51973,0.15
52179,0.07
50283,0.3
53501,0.12
53537,0.26
50220,0.85
53547,0.16
50735,0.11
50356,0.09
51602,0.06
52832,0.17
50716,0.69
50821,0.84
51195,0.08
52954,0.21
53723,0.35
52536,0.17
51601,0.13
51879,0.23
51159,0.81
51003,0.03
51294,0.07
53290,0.18
50721,0.2
54259,0.22
50484,0.28
54149,0.17
50172,0.67
51346,0.17
54017,0.38
51156,0.07
51091,0.13
52441,0.47
50427,0.31
51493,0.32
50222,0.07
50369,0.22
54118,0.13
52141,0.19
53408,0.17
53356,0.1
50123,0.51
51971,0.42
52506,0.27
52909,0.63
51563,0.89
51302,0.16
51008,0.47
50719,0.18
51705,0.22
51046,0.1
51548,0.69
51781,0.25
54082,0.3
50952,0.17
54113,0.27
51323,0.64
51498,0.45
50317,0.37
50767,0.19
50881,0.19
52220,0.09
52243,0.16
52947,0.32
51732,0.17
53492,0.4
52314,0.14
51043,0.16
50461,0.35
52564,0.12
53540,0.25
53597,0.12
52792,0.09
51182,0.17
51173,0.05
53225,0.26
53395,0.45
51829,0.45
53053,0.12
51212,0.08
52660,0.65
50872,0.31
52815,0.16
52784,0.69
53634,0.39
50669,0.2
52042,0.11
52246,0.16
52004,0.2
51184,0.74
53185,0.11
52587,0.48
53495,0.09
50870,0.1
54282,0.09
51120,0.24
53152,0.13
51144,0.07
51188,0.79
52606,0.39
54126,0.38
53810,0.03
51714,0.29
53472,0.71
50341,0.34
51245,0.12
51198,0.05
53171,0.09
50977,0.17
50751,0.55
50925,0.16
51776,0.68
51923,0.32
53220,0.08
51969,0.05
53596,0.23
52834,0.51
51938,0.17
52482,0.06
52973,0.67
50282,0.47
50091,0.2
54286,0.89
52883,0.09
50161,0.3
51859,0.45
53315,0.86
50607,0.82
51694,0.08
52772,0.11
54208,0.18
54255,0.48
51596,0.04
53036,0.67
53511,0.23
52678,0.33
53366,0.18
50105,0.04
52244,0.2
50762,0.82
50548,0.1
53782,0.2
53612,0.07
54129,0.18
53111,0.29
52012,0.02
53199,0.15
53745,0.94
50653,0.04
50980,0.45
53516,0.05
53186,0.17
51136,0.11
53922,0.33
52278,0.07
53744,0.16
53676,0.22
51343,0.07
53485,0.11
52854,0.91
50135,0.27
52950,0.15
53323,0.63
51691,0.72
53811,0.2
51167,0.06
50439,0.19
51266,0.31
52661,0.03
51101,0.78
50933,0.3
50090,0.38
53476,0.26
53446,0.34
51726,0.12
51765,0.23
52540,0.18
50033,0.5
50963,0.42
50431,0.32
50449,0.29
51671,0.16
50543,0.72
52465,0.44
52995,0.49
50650,0.12
52601,0.13
50687,0.13
50948,0.06
54243,0.2
54206,0.12
52251,0.85
51106,0.64
51081,0.19
51139,0.01
51892,0.23
52666,0.15
53694,0.53
53804,0.14
50592,0.04
51107,0.12
52704,0.07
52450,0.72
50838,0.09
54173,0.94
53286,0.17
50810,0.2
53256,0.29
52910,0.17
52929,0.23
52694,0.68
54091,0.71
51491,0.14
51226,0.05
52541,0.09
51161,0.29
52581,0.41
50454,0.38
53601,0.11
51112,0.39
52417,0.11
50661,0.63
50298,0.08
51024,0.27
52604,0.16
51930,0.55
52267,0.13
54158,0.09
50985,0.03
54183,0.06
53023,0.22
50552,0.57
51298,0.8
51213,0.11
51932,0.15
51389,0.1
50984,0.09
54013,0.13
50489,0.13
52823,0.09
52340,0.11
53441,0.37
54210,0.26
53430,0.09
52588,0.91
54225,0.75
50635,0.63
52282,0.34
50646,0.26
50464,0.19
53900,0.02
51366,0.77
52565,0.33
52163,0.36
50423,0.5
50457,0.16
53645,0.04
50383,0.13
53882,0.83
53668,0.13
51303,0.27
53951,0.79
54012,0.32
53677,0.06
50324,0.76
53078,0.43
54187,0.09
50523,0.16
51511,0.13
50509,0.49
52393,0.29
53508,0.25
50855,0.62
54287,0.47
52407,0.04
52092,0.27
53132,0.03
54110,0.57
53403,0.25
50778,0.13
54205,0.74
52801,0.11
51097,0.1
50011,0.3
50986,0.1
50024,0.04
54088,0.07
50676,0.71
51478,0.66
50111,0.27
53274,0.03
53514,0.14
53038,0.19
50773,0.05
50173,0.56
53784,0.24
52868,0.2
52401,0.95
52177,0.1
50242,0.01
52351,0.37
51401,0.18
53280,0.12
53200,0.23
51735,0.69
51939,0.16
52377,0.31
54240,0.14
50976,0.1
52617,0.23
52248,0.11
52305,0.37
50228,0.28
53517,0.52
50524,0.17
51542,0.23
51077,0.13
52860,0.08
51386,0.05
51206,0.86
52856,0.1
53838,0.35
53334,0.69
51113,0.48
52707,0.14
53802,0.26
52347,0.15
53576,0.18
53115,0.65
50093,0.61
54073,0.88
52739,0.08
51605,0.29
51808,0.14
50551,0.2
51995,0.21
53052,0.36
51304,0.24
50163,0.11
50557,0.58
52695,0.5
52797,0.12
53947,0.88
51040,0.38
52166,0.17
53325,0.58
50938,0.21
52557,0.26
54237,0.1
53398,0.83
53666,0.06
51334,0.68
53207,0.46
54170,0.41
51364,0.6
50309,0.18
52138,0.29
51311,0.01
50063,0.43
53509,0.25
53467,0.51
52364,0.29
54147,0.15
51151,0.09
53662,0.06
50349,0.29
51949,0.41
51821,0.46
53693,0.38
51737,0.46
50664,0.4
53182,0.19
53405,0.06
51254,0.44
52535,0.18
51371,0.25
53365,0.24
50038,0.13
53491,0.14
52132,0.31
53536,0.48
53956,0.56
54260,0.38
51815,0.12
52070,0.09
50210,0.27
52647,0.55
50511,0.75
54192,0.39
52794,0.48
52649,0.02
51778,0.22
52939,0.02
53836,0.78
53381,0.28
50683,0.13
53392,0.39
51980,0.93
52033,0.1
53551,0.21
53687,0.54
50674,0.39
50835,0.1
53283,0.41
50388,0.12
50465,0.25
50618,0.12
50812,0.2
53593,0.47
50722,0.23
51187,0.17
51510,0.52
52436,0.39
53826,0.28
52039,0.12
51393,0.16
52690,0.12
52160,0.16
50176,0.45
52848,0.34
50540,0.66
51844,0.0
53009,0.23
51519,0.04
52805,0.23
53415,0.89
54269,0.16
53674,0.13
51897,0.25
54043,0.83
52237,0.15
52326,0.19
53906,0.52
51719,0.47
51329,0.15
52446,0.22
51675,0.13
53591,0.26
52934,0.88
52521,0.06
52459,0.21
51862,0.41
51162,0.51
52515,0.32
51566,0.76
50460,0.57
52227,0.09
53462,0.77
51682,0.19
50416,0.5
51670,0.1
51301,0.42
52719,0.16
52274,0.22
52742,0.18
52897,0.69
53954,0.24
53112,0.18
53505,0.36
50042,0.25
53912,0.67
53539,0.37
51385,0.18
53361,0.58
53155,0.29
51833,0.41
51861,0.34
51211,0.46
50949,0.14
53743,0.21
50267,0.12
52280,0.04
50113,0.02
52838,0.08
54273,0.73
51872,0.23
50864,0.14
51766,0.6
50334,0.75
50807,0.22
52949,0.39
52613,0.81
54100,0.42
54071,0.16
52814,0.55
52633,0.08
50428,0.32
52245,0.07
52418,0.19
54199,0.88
50513,0.13
51626,0.29
50605,0.45
52193,0.29
52075,0.24
51903,0.12
53237,0.25
52186,0.13
52668,0.22
50841,0.17
51412,0.1
51811,0.25
51573,0.14
52653,0.61
53759,0.23
53262,0.19
50606,0.22
53609,0.22
52373,0.03
53222,0.24
53340,0.32
51692,0.28
52382,0.15
53181,0.11
53725,0.46
51010,0.02
52968,0.14
51138,0.29
52150,0.05
51317,0.22
53819,0.14
51104,0.76
50673,0.18
50002,0.26
51391,0.53
50297,0.16
52774,0.36
52063,0.24
50974,0.07
52309,0.04
53304,0.05
50515,0.38
52115,0.58
53880,0.35
52961,0.6
52488,0.44
53389,0.35
52563,0.85
54285,0.34
50144,0.02
51215,0.05
50250,0.2
51446,0.29
53349,0.25
51042,0.22
53390,0.18
50996,0.16
52928,0.15
50247,0.05
51964,0.61
51974,0.74
51795,0.15
50923,0.97
54104,0.02
52140,0.21
51017,0.96
50707,0.78
53230,0.23
54106,0.27
53192,0.41
52622,0.93
51149,0.25
52038,0.07
54105,0.33
50073,0.29
52149,0.26
52491,0.71
51239,0.36
50832,0.33
50092,0.15
54136,0.06
51905,0.23
50384,0.22
52040,0.08
50786,0.69
52216,0.12
53620,0.21
51380,0.43
51349,0.36
50898,0.87
51623,0.73
50764,0.16
50453,0.05
52315,0.91
50127,0.21
51695,0.03
54048,0.62
53176,0.01
50959,0.49
51672,0.13
51909,0.82
53572,0.51
52999,0.24
50713,0.24
53978,0.15
51747,0.66
52872,0.96
52556,0.68
52135,0.17
50860,0.14
53453,0.17
52395,0.07
54235,0.87
53253,0.09
52394,0.45
53848,0.41
52379,0.18
53236,0.42
50308,0.15
53285,0.27
50917,0.17
50482,0.55
53825,0.31
53015,0.62
51084,0.12
51286,0.07
52422,0.12
50088,0.16
53435,0.15
51220,0.09
52508,0.74
54140,0.2
51988,0.56
53219,0.54
50239,0.62
50554,0.35
52908,0.73
50597,0.46
53375,0.36
53452,0.47
51328,0.31
53232,0.33
51332,0.8
50642,0.13
52453,0.25
51072,0.18
51958,0.07
51205,0.29
52542,0.32
51618,0.8
53746,0.6
54182,0.09
50477,0.14
52069,0.21
51460,0.15
50044,0.66
53021,0.45
50191,0.86
53198,0.61
51485,0.05
51869,0.18
51857,0.17
53332,0.32
52380,0.46
54178,0.45
53245,0.05
53444,0.91
53664,0.36
51853,0.03
53615,0.21
52787,0.14
53658,0.23
50993,0.15
50989,0.41
51507,0.02
52118,0.25
53791,0.11
53379,0.14
53683,0.29
52434,0.93
52060,0.38
50918,0.04
51585,0.28
54288,0.11
52335,0.17
50435,0.82
51662,0.15
53599,0.43
52673,0.12
53445,0.08
52495,0.11
52533,0.03
50096,0.57
52290,0.3
52164,0.31
53142,0.38
50160,0.27
51617,0.86
52537,0.05
52381,0.46
53062,0.15
50022,0.38
51462,0.19
54060,0.52
54253,0.28
52145,0.24
52520,0.57
50248,0.4
52620,0.47
52547,0.12
52236,0.2
53809,0.35
53322,0.72
52121,0.3
50132,0.09
51991,0.23
53193,0.11
51150,0.27
50271,0.32
51194,0.08
51823,0.36
50249,0.09
52146,0.75
51996,0.1
52727,0.57
52144,0.46
51537,0.28
51129,0.62
54289,0.38
50710,0.58
52970,0.59
53748,0.3
50834,0.1
52342,0.2
51638,0.23
53190,0.57
53209,0.63
53931,0.31
50608,0.21
53143,0.04
54163,0.12
50379,0.14
51433,0.12
52505,0.18
50504,0.15
52530,0.35
51310,0.49
51026,0.35
53673,0.11
50941,0.18
52155,0.85
52035,0.39
50293,0.91
51022,0.08
53496,0.29
50265,0.27
51816,0.06
50953,0.26
53852,0.1
52385,0.17
52991,0.2
54025,0.47
51790,0.38
50678,0.05
53614,0.48
53471,0.04
50274,0.45
52466,0.21
52104,0.06
51470,0.18
54152,0.13
50886,0.14
50232,0.13
50613,0.21
51256,0.08
52597,0.63
50873,0.69
53816,0.83
53148,0.22
53194,0.13
54014,0.79
51845,0.03
51867,0.04
52976,0.33
50880,0.18
52084,0.18
53252,0.19
51609,0.04
50647,0.88
54264,0.5
51822,0.28
53240,0.16
53312,0.13
52636,0.42
50036,0.08
52323,0.67
51762,0.11
52827,0.17
52920,0.25
52578,0.18
50201,0.17
53292,0.32
50030,0.1
51590,0.6
51560,0.03
50822,0.15
50937,0.93
50903,0.2
51459,0.81
51475,0.41
52087,0.56
51612,0.07
53371,0.18
51564,0.16
53965,0.09
52187,0.68
51599,0.87
52736,0.05
51839,0.56
53330,0.62
51388,0.18
53041,0.58
51240,0.25
52023,0.52
51850,0.45
52198,0.68
53715,0.16
53376,0.64
51324,0.67
53050,0.41
52948,0.11
53011,0.26
53027,0.12
52798,0.09
52600,0.88
50627,0.53
50530,0.16
53869,0.37
52985,0.17
50373,0.22
50844,0.77
52030,0.61
54203,0.07
50226,0.08
50193,0.78
53302,0.56
51011,0.15
53497,0.18
51834,0.06
51517,0.9
51248,0.54
53980,0.95
54175,0.27
51690,0.2
53364,0.32
51028,0.14
51237,0.07
52567,0.23
52817,0.06
54021,0.09
53083,0.21
51549,0.16
50914,0.23
52758,0.77
50184,0.61
50727,0.87
53217,0.86
51108,0.07
51001,0.01
53238,0.22
53685,0.15
50229,0.13
50166,0.26
50689,0.19
51271,0.1
51976,0.11
51780,0.86
53961,0.1
51110,0.26
51782,0.25
52403,0.25
51838,0.21
53110,0.07
52835,0.14
52963,0.35
51383,0.2
52433,0.12
53275,0.12
51545,0.16
52517,0.31
54224,0.09
51361,0.17
51562,0.17
51581,0.2
50188,0.12
50403,0.67
53800,0.16
52725,0.82
51160,0.08
51503,0.21
52562,0.58
51746,0.72
52497,0.42
50152,0.67
50815,0.21
52171,0.47
52081,0.08
50892,0.19
53757,0.47
51093,0.39
52384,0.34
52809,0.12
53055,0.42
50734,0.12
52657,0.25
52737,0.53
50926,0.23
51948,0.64
50842,0.04
50366,0.12
51532,0.09
52717,0.27
52269,0.68
50070,0.15
53616,0.12
53094,0.24
52025,0.49
51032,0.24
54161,0.62
53046,0.9
51882,0.1
50819,0.05
52321,0.4
50208,0.16
52484,0.45
50396,0.26
51902,0.04
50720,0.64
51512,0.59
51711,0.25
54112,0.08
52611,0.09
51374,0.07
51090,0.92
53012,0.07
50706,0.09
53423,0.49
54011,0.46
53874,0.05
53218,0.04
51534,0.72
51610,0.69
52819,0.14
52915,0.06
52442,0.13
50058,0.17
50287,0.33
50825,0.24
50221,0.04
52008,0.23
53650,0.04
52489,0.4
53372,0.87
52143,0.26
51715,0.05
52750,0.04
51885,0.09
53024,0.36
53189,0.64
53960,0.08
54213,0.31
52041,0.25
50355,0.69
54284,0.03
51228,0.27
51656,0.07
53968,0.16
53632,0.16
52703,0.56
51622,0.08
52677,0.2
51739,0.49
51134,0.19
52448,0.35
52273,0.27
52990,0.27
52502,0.27
50612,0.22
51587,0.27
53035,0.09
53073,0.21
51557,0.18
54065,0.9
53840,0.2
50490,0.1
51382,0.5
50667,0.23
52551,0.3
50066,0.26
51509,0.47
53459,0.08
50391,0.65
53469,0.18
51727,0.77
51363,0.2
53434,0.6
51852,0.08
50295,0.22
51535,0.21
53583,0.22
52958,0.12
51639,0.06
51500,0.43
53122,0.89
54083,0.11
50168,0.16
50616,0.25
53623,0.93
54165,0.41
50304,0.59
53768,0.39
53765,0.3
51944,0.17
50029,0.17
53483,0.43
53113,0.54
53004,0.24
51688,0.18
52831,0.06
54037,0.24
53426,0.06
50542,0.06
50203,0.01
53338,0.27
50671,0.6
52926,0.12
53025,0.94
52777,0.23
51757,0.19
52734,0.17
51689,0.05
51238,0.43
52585,0.18
50725,0.5
51333,0.22
50731,0.35
53589,0.18
50082,0.38
53475,0.01
51495,0.3
50472,0.84
53821,0.19
54207,0.11
53448,0.12
53756,0.07
52249,0.03
50364,0.84
53737,0.09
52255,0.0
52279,0.21
52759,0.12
53165,0.84
52548,0.63
50967,0.25
53114,0.13
53553,0.39
51423,0.8
54114,0.49
53924,0.86
51734,0.01
52549,0.31
53213,0.34
51536,0.05
51561,0.22
52972,0.88
54275,0.54
50500,0.06
53565,0.27
52741,0.08
53613,0.09
53701,0.1
53984,0.14
52372,0.27
50871,0.22
52676,0.75
53136,0.13
53790,0.12
50013,0.28
53979,0.16
52014,0.83
52733,0.38
53873,0.17
51521,0.92
51721,0.49
50025,0.2
52327,0.07
51342,0.18
52861,0.26
50936,0.14
53606,0.7
50928,0.18
53123,0.29
50998,0.97
51683,0.27
50190,0.14
50451,0.11
53832,0.45
53936,0.25
51558,0.07
52108,0.64
54251,0.18
50076,0.02
54280,0.1
51669,0.08
51030,0.05
50797,0.31
51724,0.26
54067,0.45
51586,0.33
52242,0.14
52175,0.13
51665,0.23
52253,0.26
52454,0.51
50897,0.52
51132,0.28
50774,0.4
51436,0.3
53360,0.4
50296,0.22
52032,0.7
53554,0.92
53859,0.44
50041,0.49
53986,0.22
54230,0.28
50631,0.14
50340,0.16
50146,0.34
52458,0.4
52316,0.51
52824,0.16
52148,0.56
53140,0.21
54031,0.08
54066,0.27
50206,0.01
51229,0.29
50899,0.65
51370,0.24
51152,0.15
51395,0.2
51487,0.52
53387,0.79
50911,0.41
53884,0.19
51131,0.89
54081,0.07
53133,0.02
52260,0.02
51611,0.09
52608,0.36
51827,0.44
50378,0.04
50272,0.74
51667,0.18
51319,0.51
52325,0.07
53242,0.35
54262,0.08
52702,0.14
54265,0.22
51096,0.13
50785,0.08
52663,0.63
52240,0.14
53424,0.27
51820,0.16
51309,0.51
53227,0.54
53039,0.82
50539,0.65
52199,0.28
52763,0.51
50494,0.24
51828,0.47
54080,0.51
53388,0.2
50433,0.3
51941,0.03
50294,0.08
50398,0.11
51934,0.19
52165,0.09
52127,0.28
53316,0.68
50157,0.07
50645,0.22
51210,0.61
54135,0.1
51731,0.2
54241,0.54
50924,0.21
52170,0.09
52053,0.08
51920,0.32
52726,0.1
50877,0.14
50741,0.13
51006,0.08
53974,0.91
50397,0.24
51068,0.25
52330,0.16
53665,0.19
50363,0.41
53298,0.2
51354,0.1
54028,0.91
53801,0.03
51320,0.31
54015,0.13
51578,0.22
50965,0.17
53713,0.47
51078,0.76
50254,0.47
53686,0.7
50550,0.07
50532,0.01
50333,0.06
52271,0.14
53044,0.7
51352,0.42
51264,0.37
53327,0.25
50922,0.15
53760,0.85
50402,0.06
51805,0.07
54016,0.04
53943,0.94
54221,0.34
53455,0.16
50407,0.76
51296,0.7
53841,0.16
51259,0.05
51102,0.47
51907,0.86
51016,0.24
51733,0.83
50615,0.23
52813,0.38
53134,0.2
51117,0.39
50535,0.03
52956,0.97
50859,0.58
51344,0.09
53876,0.14
54095,0.21
52786,0.08
53610,0.49
51592,0.63
54076,0.04
51171,0.29
51368,0.22
53595,0.42
51163,0.07
51066,0.12
50141,0.03
50596,0.12
52388,0.23
52479,0.74
52313,0.13
51497,0.2
53594,0.33
50531,0.78
50401,0.56
51308,0.3
52691,0.1
51847,0.03
50636,0.08
51858,0.14
53071,0.41
51410,0.22
51400,0.11
52083,0.18
54097,0.01
50124,0.51
51362,0.04
53526,0.38
51313,0.06
52503,0.97
51241,0.9
53370,0.17
50006,0.05
53993,0.87
50056,0.26
52061,0.14
52558,0.24
51635,0.15
52658,0.22
53794,0.33
52665,0.88
50589,0.03
52812,0.1
50966,0.01
51185,0.18
51127,0.05
53504,0.04
51284,0.6
53049,0.16
50358,0.34
52594,0.73
54266,0.06
50672,0.13
50679,0.93
54219,0.26
52319,0.1
52184,0.41
50292,0.27
50085,0.57
53310,0.13
50958,0.1
50943,0.25
50130,0.35
50290,0.89
50155,0.07
51523,0.18
53557,0.06
50217,0.2
53187,0.23
52751,0.72
53767,0.67
50405,0.47
50260,0.16
54263,0.51
53443,0.42
53437,0.14
52223,0.35
51154,0.55
51118,0.33
50512,0.11
53202,0.13
50577,0.14
50476,0.06
51538,0.18
51710,0.11
50499,0.77
51174,0.39
50498,0.09
51275,0.05
50086,0.49
53353,0.06
51283,0.72
53560,0.42
51221,0.7
52396,0.18
52392,0.13
51454,0.1
51743,0.12
51785,0.68
51175,0.15
50179,0.6
53451,0.49
50466,0.11
53239,0.74
53063,0.2
51546,0.09
52953,0.89
51218,0.73
51502,0.84
51408,0.21
50262,0.35
50526,0.66
50847,0.62
51015,0.47
50316,0.19
54198,0.79
51035,0.3
50566,0.14
51891,0.55
50604,0.34
50620,0.21
50291,0.29
51797,0.74
52057,0.26
53651,0.21
50795,0.11
52096,0.19
54070,0.1
53309,0.62
50411,0.15
50288,0.56
53562,0.18
54069,0.63
52426,0.23
52229,0.07
50800,0.06
52518,0.27
53416,0.14
52656,0.09
54167,0.45
52605,0.13
51345,0.03
51712,0.22
50502,0.27
52525,0.59
51231,0.11
51451,0.19
51910,0.92
54049,0.21
52408,0.16
50621,0.01
50034,0.28
52353,0.16
53129,0.61
53101,0.52
52529,0.23
51373,0.04
53344,0.8
51086,0.04
52456,0.28
54096,0.18
51701,0.21
53103,0.34
50578,0.97
53867,0.94
52181,0.27
52268,0.7
51080,0.02
52989,0.19
50207,0.65
50696,0.32
51526,0.21
51420,0.22
53079,0.37
50814,0.16
52136,0.08
50450,0.0
51501,0.34
50473,0.38
51840,0.26
50702,0.69
53909,0.41
51864,0.27
52349,0.12
52100,0.08
53929,0.1
50505,0.09
51060,0.28
51673,0.73
50794,0.17
52560,0.79
52767,0.41
53814,0.14
52799,0.11
51775,0.12
51279,0.33
53091,0.34
54223,0.12
51954,0.69
50382,0.78
54174,0.37
52655,0.84
54055,0.11
50947,0.29
54074,0.18
50874,0.13
53675,0.86
51982,0.22
50619,0.84
53070,0.83
53973,0.56
50784,0.02
51929,0.36
52021,0.73
52226,0.54
52015,0.35
52877,0.31
53950,0.22
51791,0.21
53203,0.14
52308,0.84
53777,0.15
53481,0.43
50313,0.42
51422,0.04
53919,0.67
53705,0.8
52348,0.22
50345,0.16
54042,0.67
50792,0.35
53829,0.04
53617,0.23
51921,0.28
51203,0.52
50571,0.3
54181,0.68
53417,0.85
51074,0.22
50654,0.09
51434,0.61
52645,0.13
50169,0.57
50869,0.36
51141,0.02
50352,0.82
52445,0.78
53191,0.09
53486,0.47
50156,0.33
51559,0.38
50599,0.77
53099,0.82
53815,0.34
51684,0.08
51977,0.05
53065,0.33
51589,0.21
50569,0.08
52959,0.48
50020,0.15
50876,0.26
52192,0.32
53972,0.08
53396,0.33
53056,0.68
52720,0.64
52806,0.08
54024,0.15
53528,0.05
51880,0.62
51142,0.12
52550,0.21
53913,0.14
53808,0.94
53847,0.09
51280,0.06
53707,0.16
51965,0.51
51748,0.12
52866,0.06
50811,0.08
51819,0.07
52337,0.25
53149,0.38
50430,0.33
53654,0.14
50848,0.26
51145,0.55
52821,0.08
52044,0.25
52169,0.53
53633,0.1
52811,0.07
54029,0.11
53793,0.32
52882,0.13
52898,0.51
52098,0.44
50158,0.19
50561,0.52
50890,0.06
50932,0.09
54033,0.04
51070,0.13
53105,0.06
50724,0.32
50573,0.63
51316,0.03
52359,0.37
52344,0.05
53303,0.54
52399,0.09
54089,0.3
54270,0.78
50348,0.9
53374,0.23
51414,0.23
50067,0.1
54164,0.05
52716,0.06
52161,0.37
53263,0.04
50031,0.07
51050,0.24
52879,0.18
53090,0.08
53261,0.73
50567,0.39
54075,0.03
52052,0.47
50908,0.87
53051,0.09
50609,0.9
51257,0.15
53164,0.98
51924,0.3
53592,0.12
50536,0.42
52618,0.17
52404,0.34
54177,0.12
50780,0.09
53622,0.13
54222,0.35
51642,0.17
51407,0.1
50107,0.37
52846,0.23
50116,0.07
51937,0.41
52101,0.19
51756,0.07
54115,0.08
50547,0.24
51276,0.11
53671,0.12
53499,0.02
53089,0.48
50595,0.52
50758,0.08
51674,0.43
52504,0.22
53642,0.62
53513,0.14
52071,0.5
51718,0.14
52818,0.28
52836,0.92
52689,0.13
53522,0.13
53586,0.48
54046,0.17
50106,0.22
52022,0.26
53921,0.34
53295,0.9
51064,0.29
52721,0.32
51708,0.8
50339,0.9
52046,0.15
50999,0.92
53026,0.47
53244,0.09
53457,0.93
54236,0.27
52427,0.29
51927,0.92
51979,0.32
54258,0.16
51165,0.83
52800,0.95
52609,0.59
52925,0.16
53908,0.25
51092,0.4
51678,0.0
51217,0.06
54169,0.11
51922,0.22
50854,0.12
50236,0.26
50368,0.11
52843,0.17
50633,0.48
53531,0.51
50104,0.16
50970,0.87
50756,0.7
51476,0.22
53561,0.62
54019,0.54
50906,0.52
51760,0.61
50907,0.15
50057,0.11
53763,0.4
50488,0.82
52303,0.03
51147,0.23
50882,0.1
52757,0.2
54257,0.09
50701,0.46
52173,0.58
51492,0.52
53992,0.04
51911,0.39
53020,0.21
51608,0.42
50194,0.27
50893,0.32
53343,0.0
52211,0.42
53399,0.15
50225,0.36
52905,0.35
50802,0.1
51651,0.24
51810,0.02
50061,0.16
53893,0.68
51447,0.04
52430,0.62
54102,0.08
51193,0.27
54090,0.91
53331,0.68
54027,0.07
51335,0.22
50492,0.29
53507,0.11
52066,0.07
51449,0.25
51126,0.37
50712,0.23
53585,0.26
51951,0.73
53824,0.04
51702,0.74
53249,0.36
51607,0.29
51348,0.09
52568,0.14
51367,0.94
50709,0.18
52874,0.49
53313,0.76
51041,0.2
51322,0.31
52575,0.4
50480,0.03
53846,0.08
52114,0.25
52074,0.03
53422,0.0
53119,0.18
51489,0.59
52744,0.51
50456,0.12
53742,0.69
51018,0.65
50861,0.7
52067,0.08
52254,0.13
50759,0.17
51236,0.12
53010,0.04
52119,0.32
52310,0.63
50798,0.4
53121,0.53
50685,0.15
52416,0.78
51339,0.05
51488,0.59
52522,0.09
52080,0.25
52357,0.15
51914,0.24
53279,0.17
52610,0.13
50145,0.11
53419,0.28
53137,0.14
52718,0.08
51416,0.31
52275,0.05
50120,0.33
51713,0.12
52876,0.19
53789,0.17
53872,0.13
50538,0.49
50516,0.76
51033,0.17
52904,0.31
50942,0.09
54267,0.13
52507,0.03
52250,0.43
52723,0.36
51312,0.44
53719,0.05
50095,0.18
51680,0.3
51405,0.23
50867,0.82
52944,0.67
52358,0.48
52943,0.04
53785,0.05
52828,0.21
51009,0.36
53215,0.24
51063,0.68
50730,0.36
53866,0.19
50289,0.66
51146,0.38
50528,0.14
52291,0.66
50593,0.46
53305,0.07
50410,0.84
51468,0.36
53996,0.01
53383,0.07
53902,0.14
53008,0.45
50971,0.01
52410,0.14
50625,0.61
50446,0.94
50307,0.11
50351,0.43
50704,0.16
51912,0.67
52607,0.28
51411,0.13
51465,0.17
53728,0.09
50585,0.72
52711,0.24
50752,0.09
51338,0.07
50711,0.3
50831,0.03
52680,0.09
50148,0.5
53898,0.08
53762,0.28
51654,0.04
51628,0.14
53028,0.59
53346,0.79
50360,0.11
52429,0.74
52498,0.25
52487,0.63
50143,0.19
50546,0.56
52971,0.24
51170,0.12
53730,0.34
52239,0.33
52225,0.35
50591,0.22
52869,0.08
50154,0.18
52746,0.08
51306,0.87
50371,0.16
53534,0.06
52966,0.15
51023,0.63
54227,0.14
51883,0.14
52176,0.09
50739,0.38
52830,0.44
51960,0.04
52764,0.78
52147,0.46
52402,0.16
51355,0.04
51704,0.76
53159,0.08
52134,0.04
51417,0.1
52519,0.9
53326,0.62
53751,0.06
52111,0.34
52967,0.29
52710,0.29
52776,0.1
52892,0.08
51128,0.23
51435,0.36
52779,0.62
53510,0.26
51593,0.09
51947,0.13
53131,0.39
52467,0.29
54204,0.56
51469,0.04
53170,0.23
53538,0.39
50563,0.39
50109,0.08
53604,0.15
53605,0.12
51567,0.79
52749,0.31
52509,0.12
52036,0.28
51580,0.08
51940,0.36
50202,0.1
54087,0.36
50424,0.09
53755,0.07
50192,0.7
51197,0.1
54166,0.45
50519,0.15
54068,0.22
53733,0.14
51846,0.18
53265,0.23
52432,0.08
50558,0.09
50708,0.13
53860,0.62
50037,0.26
50425,0.05
52483,0.25
52213,0.64
51196,0.21
52643,0.17
52289,0.17
50108,0.04
50497,0.12
53837,0.76
53247,0.29
52210,0.38
53962,0.7
51812,0.47
51603,0.04
52775,0.18
51049,0.29
51981,0.19
52740,0.23
54252,0.13
51604,0.17
50245,0.14
50733,0.12
50763,0.86
50280,0.02
54131,0.21
50253,0.79
50549,0.1
53082,0.02
53969,0.35
51461,0.15
53983,0.9
51758,0.24
53720,0.39
51641,0.9
53769,0.35
50393,0.35
53862,0.39
50386,0.75
50771,0.15
50828,0.04
50181,0.07
53074,0.13
54250,0.21
53845,0.8
53684,0.72
51439,0.07
50419,0.05
53603,0.72
51770,0.36
52632,0.44
51002,0.21
53183,0.44
51916,0.11
51318,0.14
51547,0.15
50572,0.12
53248,0.88
51786,0.08
50740,0.69
50277,0.03
53097,0.85
52598,0.23
51686,0.31
51531,0.14
54002,0.08
52339,0.44
53503,0.12
54154,0.53
51888,0.06
50377,0.68
51183,0.38
54000,0.41
50666,0.96
51576,0.31
52629,0.18
51884,0.74
51621,0.08
50658,0.23
51890,0.35
50079,0.12
53407,0.22
53257,0.1
53888,0.26
53421,0.26
52346,0.23
50915,0.81
51967,0.09
53803,0.17
51398,0.92
52270,0.51
51901,0.15
53959,0.24
52940,0.5
53813,0.39
51168,0.77
52543,0.44
51179,0.58
51993,0.56
51745,0.34
54063,0.81
54277,0.67
52705,0.2
51552,0.12
53266,0.36
52343,0.28
50322,0.56
50783,0.33
51953,0.11
50743,0.2
50327,0.02
50766,0.84
53963,0.45
50045,0.12
53570,0.23
53987,0.47
52292,0.09
54047,0.62
53999,0.3
50788,0.07
52203,0.17
53146,0.62
51429,0.59
51990,0.35
52911,0.63
51243,0.13
54226,0.29
50121,0.32
52932,0.23
52659,0.37
54278,0.17
50723,0.04
51898,0.07
52921,0.29
51288,0.52
51251,0.92
52875,0.38
51871,0.2
52870,0.04
50851,0.14
51640,0.28
53877,0.33
52946,0.1
53556,0.09
51321,0.04
53410,0.59
52692,0.12
50772,0.48
50626,0.45
51896,0.42
50699,0.31
53201,0.15
51430,0.54
51514,0.02
54010,0.11
50016,0.29
51155,0.39
50894,0.03
53172,0.25
50147,0.44
53895,0.88
53887,0.84
50422,0.41
53267,0.29
54099,0.93
53397,0.84
51925,0.34
51133,0.15
50315,0.0
54134,0.8
50437,0.2
53162,0.08
52413,0.2
52424,0.11
52332,0.12
50142,0.09
50663,0.1
52969,0.13
52420,0.73
50110,0.15
52981,0.28
53990,0.78
50705,0.51
51583,0.4
52107,0.43
54212,0.16
50714,0.13
52912,0.12
51230,0.08
52616,0.05
54051,0.24
50426,0.15
53575,0.22
54123,0.29
52935,0.06
51473,0.17
53998,0.6
51399,0.15
51079,0.05
52172,0.07
53160,0.3
50224,0.79
52088,0.42
52851,0.01
51499,0.69
52129,0.7
52960,0.2
51970,0.03
53368,0.57
52043,0.26
50212,0.71
50071,0.16
51177,0.06
51044,0.5
50850,0.2
51707,0.17
54172,0.09
50744,0.19
53442,0.35
52457,0.09
53145,0.6
52531,0.76
53157,0.14
53463,0.06
53823,0.3
53729,0.02
52888,0.72
52218,0.19
53564,0.22
52231,0.68
53542,0.16
50126,0.94
51326,0.03
52841,0.04
50312,0.18
53647,0.43
53128,0.82
50102,0.27
54107,0.16
53418,0.23
50790,0.14
52713,0.04
54030,0.16
53629,0.13
50429,0.38
51661,0.51
51455,0.0
51404,0.86
52124,0.4
52257,0.15
51556,0.22
52283,0.18
53580,0.37
53359,0.11
52493,0.39
52730,0.68
51178,0.28
53047,0.07
52224,0.37
51620,0.27
51693,0.48
52007,0.15
52259,0.03
50614,0.27
53527,0.2
52722,0.05
53994,0.01
52499,0.13
53308,0.17
53774,0.22
53241,0.12
52889,0.26
52829,0.71
52577,0.79
52580,0.01
54003,0.61
54035,0.24
52485,0.48
50562,0.3
52706,0.16
50954,0.21
52451,0.21
50103,0.73
51052,0.85
52444,0.1
52803,0.18
51645,0.14
50888,0.16
53059,0.1
52639,0.09
53611,0.22
50775,0.2
50817,0.26
53781,0.38
50629,0.16
50634,0.2
50049,0.05
53997,0.45
51906,0.96
52862,0.21
50469,0.19
50891,0.09
54268,0.35
52807,0.41
50652,0.03
51202,0.67
52018,0.39
53818,0.2
53907,0.16
52596,0.12
50072,0.45
50590,0.09
50187,0.02
52153,0.23
50742,0.3
51913,0.02
52855,0.16
54146,0.15
50793,0.37
54254,0.74
50910,0.35
50054,0.42
52595,0.2
50467,0.22
54215,0.82
53289,0.17
54168,0.1
53690,0.37
52955,0.04
51299,0.6
52409,0.4
53268,0.28
50765,0.06
50040,0.07
51059,0.21
51105,0.06
52881,0.09
51874,0.05
50602,0.08
50789,0.12
51292,0.32
53942,0.08
53896,0.05
52986,0.07
50328,0.21
53941,0.27
52047,0.2
53068,0.84
50487,0.17
50900,0.14
50101,0.45
52028,0.03
52994,0.22
53030,0.1
51729,0.47
52501,0.45
52062,0.08
53042,0.36
51057,0.36
53590,0.17
51554,0.22
52728,0.42
50718,0.23
52571,0.25
53856,0.4
51403,0.09
51570,0.11
53425,0.11
52306,0.87
53120,0.22
51143,0.29
52191,0.52
52957,0.87
52810,0.15
50318,0.08
52561,0.46
50302,0.04
52000,0.17
50075,0.22
53697,0.13
52103,0.17
53197,0.01
50968,0.06
54120,0.36
53484,0.18
50875,0.27
53602,0.34
52311,0.84
53559,0.25
50824,0.58
53682,0.12
52847,0.11
53414,0.1
50023,0.22
50656,0.36
52675,0.26
52919,0.19
50374,0.29
52281,0.2
52322,0.18
51327,0.04
52024,0.22
53272,0.66
53529,0.11
53661,0.0
53631,0.02
54098,0.14
50858,0.37
53917,0.13
51111,0.18
53955,0.15
53124,0.45
52405,0.08
50745,0.18
52354,0.47
50483,0.11
54092,0.22
53530,0.06
53548,0.13
52747,0.32
52895,0.28
52159,0.09
53925,0.11
50198,0.08
54103,0.54
50559,0.46
53940,0.01
53291,0.32
51073,0.29
51061,0.37
53546,0.37
51783,0.15
52438,0.09
54122,0.24
53692,0.31
53640,0.04
52857,0.05
52693,0.02
53347,0.45
53827,0.6
54062,0.05
51624,0.65
50337,0.7
52816,0.49
51415,0.17
50904,0.26
53002,0.85
53231,0.42
51432,0.71
52055,0.28
50084,0.35
51365,0.15
50131,0.89
51331,0.38
52951,0.09
51792,0.18
51873,0.13
52142,0.08
52389,0.25
52936,0.35
51014,0.49
52987,0.39
50816,0.19
51983,0.17
52977,0.03
51644,0.09
51877,0.09
51928,0.22
53582,0.22
50204,0.87
51438,0.16
50486,0.49
52126,0.06
50089,0.28
52045,0.23
50004,0.52
50062,0.65
50587,0.09
50813,0.3
50219,0.74
50149,0.16
51176,0.75
50837,0.48
52355,0.14
53636,0.17
51337,0.13
51227,0.37
52918,0.37
50301,0.66
51540,0.18
53367,0.17
51071,0.23
52555,0.04
51153,0.22
52845,0.02
52523,0.23
53833,0.24
50323,0.17
51453,0.1
53229,0.44
54218,0.25
51095,0.88
53003,0.01
50692,0.27
51424,0.03
53696,0.23
52049,0.0
53333,0.77
51837,0.24
53525,0.1
51738,0.4
53040,0.12
50303,0.25
50582,0.27
52745,0.23
51625,0.26
50639,0.66
54272,0.67
50134,0.13
53473,0.15
53493,0.18
52781,0.24
50951,0.13
50015,0.18
50916,0.19
52696,0.75
53706,0.26
50213,0.78
52952,0.34
51140,0.0
53233,0.67
52258,0.7
52034,0.15
50387,0.52
52865,0.14
51186,0.32
53970,0.32
52822,0.07
52864,0.23
51818,0.19
50421,0.4
50987,0.33
53865,0.17
51087,0.09
53411,0.29
51360,0.24
51467,0.15
53006,0.29
52715,0.28
50919,0.61
51058,0.25
53168,0.36
51741,0.31
54179,0.1
51356,0.28
52709,0.14
52156,0.59
53084,0.15
51931,0.21
52634,0.27
53644,0.07
52263,0.42
51814,0.31
51660,0.1
53857,0.13
51831,0.01
52085,0.65
51369,0.15
53875,0.17
51122,0.22
52027,0.91
51181,0.23
53406,0.09
51518,0.02
51098,0.26
51289,0.12
50878,0.2
53727,0.32
54121,0.13
52059,0.14
51379,0.29
51051,0.27
51448,0.06
53096,0.23
52378,0.39
53656,0.61
52962,0.15
50703,0.31
50305,0.57
53891,0.41
53519,0.61
51664,0.25
54274,0.14
50380,0.15
51192,0.66
53358,0.05
51918,0.23
50638,0.17
50809,0.34
52701,0.49
53102,0.16
51038,0.17
53260,0.26
52700,0.68
51703,0.11
50436,0.16
50233,0.57
52051,0.06
50884,0.02
50846,0.2
52464,0.49
50961,0.07
53080,0.51
52826,0.16
52697,0.16
51999,0.04
52455,0.68
52635,0.69
53468,0.04
53638,0.42
54072,0.79
53828,0.42
52844,0.68
53966,0.36
53064,0.51
51868,0.4
51216,0.03
52197,0.1
53797,0.11
54044,0.32
53369,0.78
53552,0.36
50299,0.34
53382,0.37
54185,0.12
50887,0.12
54094,0.02
52288,0.85
52247,0.48
53985,0.01
52093,0.27
52447,0.75
54200,0.43
52185,0.07
52593,0.09
53107,0.33
51189,0.24
51054,0.08
53717,0.85
52582,0.09
54018,0.32
50381,0.3
50205,0.04
54247,0.53
51832,0.3
54054,0.56
53314,0.17
52686,0.02
51908,0.5
52496,0.18
50510,0.73
52471,0.67
52054,0.09
51121,0.79
53482,0.21
52206,0.35
51588,0.1
53258,0.12
50032,0.18
54202,0.23
52204,0.14
52569,0.1
52006,0.12
51358,0.68
52538,0.26
51598,0.19
51004,0.13
51282,0.16
53243,0.4
53287,0.64
52641,0.3
51571,0.22
51260,0.17
54127,0.73
53550,0.38
51047,0.3
53899,0.14
52670,0.1
50994,0.61
50350,0.03
50406,0.01
50939,0.16
50545,0.09
50459,0.12
53549,0.72
53935,0.1
53858,0.32
52386,0.41
50681,0.12
50895,0.17
51917,0.06
50153,0.26
50122,0.15
51191,0.12
52168,0.07
54009,0.12
52894,0.47
51606,0.26
52648,0.58
52511,0.18
54036,0.06
53660,0.13
53648,0.36
51841,0.18
51166,0.69
51543,0.65
54153,0.6
51258,0.42
53464,0.23
50586,0.04
51904,0.82
51273,0.49
51769,0.41
50946,0.06
53937,0.38
51082,0.2
52893,0.17
51647,0.09
52570,0.15
53429,0.15
50197,0.09
53278,0.15
50150,0.79
52576,0.41
52738,0.14
50180,0.02
53363,0.45
51804,0.31
50992,0.26
53798,0.01
52880,0.03
51565,0.2
53246,0.55
53820,0.38
52698,0.12
50257,0.02
50392,0.36
51441,0.41
53093,0.02
53005,0.25
51272,0.09
53384,0.16
53843,0.6
54156,0.45
51505,0.24
50474,0.17
53300,0.26
50118,0.28
50178,0.4
53436,0.76
53409,0.38
50686,0.07
51633,0.13
52345,0.18
53991,0.53
51789,0.12
51698,0.23
50761,0.29
51966,0.88
54217,0.05
52157,0.62
51437,0.19
51663,0.15
50064,0.55
52590,0.02
53646,0.27
53377,0.26
50935,0.27
50649,0.2
53736,0.04
52760,0.09
54159,0.48
53092,0.39
51384,0.15
51242,0.08
51034,0.71
50732,0.22
52965,0.57
53173,0.64
50684,0.12
50139,0.14
50223,0.16
52123,0.05
51881,0.22
53624,0.25
53465,0.09
51484,0.3
52930,0.68
51824,0.11
50068,0.21
53788,0.41
53277,0.21
50643,0.24
53380,0.24
50588,0.24
53109,0.17
53579,0.5
53432,0.19
51550,0.03
51855,0.42
51597,0.57
53357,0.08
51717,0.1
52756,0.19
53667,0.34
53196,0.33
52671,0.12
52771,0.4
54133,0.62
53923,0.23
52975,0.47
53897,0.18
52443,0.77
50839,0.91
51613,0.49
51208,0.04
54144,0.38
53127,0.14
51314,0.88
52526,0.57
50010,0.06
50165,0.07
51972,0.17
50555,0.12
54228,0.08
50115,0.3
50682,0.17
50310,0.16
54229,0.05
50475,0.11
52468,0.26
51222,0.1
52602,0.31
50879,0.73
53385,0.11
50218,0.11
50211,0.19
52682,0.63
51666,0.21
52102,0.14
53126,0.55
51555,0.42
53905,0.05
50648,0.12
52886,0.08
52019,0.6
54119,0.04
51594,0.31
51012,0.18
53394,0.81
51353,0.13
51915,0.2
51516,0.33
52766,0.41
53637,0.26
51933,0.15
53830,0.1
53926,0.14
52195,0.19
53001,0.79
52302,0.21
51889,0.18
52154,0.08
50565,0.12
52440,0.07
53932,0.49
54261,0.82
50230,0.17
52194,0.09
50048,0.45
51019,0.2
52215,0.2
51528,0.15
50956,0.5
50052,0.14
50598,0.67
51755,0.55
50808,0.13
52095,0.14
53480,0.37
53628,0.04
53758,0.7
53373,0.21
50399,0.07
53735,0.97
52672,0.12
50651,0.17
53234,0.43
52906,0.12
50468,0.93
51730,0.17
51013,0.28
53669,0.2
54141,0.12
50347,0.41
51595,0.69
52328,0.22
50990,0.43
54004,0.14
51483,0.07
50715,0.77
50009,0.6
52788,0.29
51668,0.22
51798,0.1
52318,0.74
54093,0.22
53566,0.09
53747,0.13
50285,0.14
52589,0.39
51652,0.31
52789,0.12
50444,0.19
52391,0.1
51875,0.42
50830,0.09
52151,0.67
52431,0.62
50099,0.97
50781,0.59
50803,0.22
52903,0.66
53946,0.3
50495,0.17
52480,0.36
52190,0.22
50827,0.03
53740,0.46
53655,0.24
52214,0.83
52209,0.52
53714,0.78
54279,0.07
53208,0.17
53981,0.11
51952,0.31
53088,0.26
51137,0.17
50007,0.37
51219,0.05
53297,0.18
52221,0.3
52494,0.22
54211,0.16
54201,0.55
52914,0.35
52627,0.36
53545,0.09
50868,0.95
52252,0.25
50902,0.17
50580,0.68
54193,0.3
53184,0.43
54137,0.46
50485,0.02
53048,0.84
50644,0.29
54244,0.88
50945,0.3
52010,0.13
52907,0.13
53783,0.36
53977,0.1
51486,0.32
53850,0.82
50003,0.03
53449,0.45
51037,0.92
52406,0.2
52476,0.15
52324,0.03
50266,0.5
51490,0.44
50749,0.1
53301,0.31
50491,0.78
51893,0.14
51742,0.46
52078,0.04
50445,0.05
52808,0.0
52421,0.06
54189,0.42
53766,0.11
53949,0.94
53188,0.12
51246,0.14
51482,0.85
50617,0.64
54281,0.07
51224,0.07
53621,0.19
51677,0.29
54056,0.25
52390,0.24
52559,0.87
51655,0.13
51029,0.23
54148,0.68
50944,0.31
51525,0.37
52439,0.33
52276,0.38
52931,0.82
50517,0.97
50479,0.06
50799,0.34
52082,0.23
51268,0.5
50008,0.26
53861,0.22
53598,0.18
50231,0.06
53391,0.25
50440,0.21
50525,0.68
50624,0.08
51634,0.27
53144,0.14
51372,0.19
51722,0.58
50094,0.22
52591,0.54
54045,0.62
53018,0.04
50415,0.21
50209,0.11
51199,0.81
51504,0.48
50281,0.24
51942,0.96
51130,0.62
53851,0.03
52437,0.27
52996,0.77
52299,0.53
52937,0.27
51157,0.29
52938,0.21
53461,0.23
50059,0.35
50520,0.47
51351,0.06
54220,0.05
51036,0.02
52791,0.2
50668,0.12
50017,0.22
52924,0.12
52286,0.32
54151,0.08
53061,0.22
52769,0.34
50753,0.44
51262,0.02
52261,0.43
53288,0.52
50957,0.07
53130,0.62
51637,0.92
53894,0.2
53494,0.24
54101,0.23
52615,0.75
51445,0.71
52116,0.21
53625,0.19
52133,0.13
53318,0.1
50912,0.14
52514,0.2
52927,0.82
51963,0.63
52477,0.94
50417,0.2
50412,0.15
53718,0.11
50196,0.58
51249,0.34
51752,0.05
50284,0.51
54188,0.19
53920,0.15
51135,0.11
51568,0.08
51169,0.91
52714,0.19
52732,0.69
53889,0.11
52428,0.44
53571,0.2
53060,0.3
52896,0.55
54034,0.03
51803,0.17
52338,0.31
53460,0.16
50359,0.15
53478,0.91
52412,0.42
52572,0.2
50574,0.26
53754,0.43
53543,0.6
52031,0.07
50693,0.27
52752,0.82
53773,0.34
50112,0.12
53174,0.65
50414,0.59
52637,0.51
51214,0.54
50338,0.48
52534,0.06
53812,0.2
51076,0.22
53100,0.18
51089,0.05
52922,0.1
51269,0.75
51826,0.33
53842,0.2
53393,0.24
52891,0.08
53014,0.38
52642,0.23
50927,0.59
52356,0.54
51926,0.68
53458,0.15
51895,0.1
51378,0.94
52106,0.38
50159,0.03
54190,0.19
52234,0.28
50244,0.44
53439,0.05
51099,0.16
52205,0.06
52174,0.09
51768,0.42
53795,0.34
52370,0.14
54246,0.86
51083,0.24
52852,0.53
53284,0.33
52825,0.46
53175,0.16
54214,0.24
52230,0.14
52901,0.07
50845,0.53
54283,0.1
51544,0.32
53515,0.15
54038,0.18
51794,0.04
51252,0.75
51773,0.08
50273,0.15
52923,0.2
50182,0.69
54084,0.26
51075,0.05
53269,0.71
51817,0.17
54130,0.51
50462,0.73
53523,0.13
52137,0.12
53296,0.57
54184,0.27
53558,0.83
50050,0.19
53771,0.17
50853,0.71
52463,0.17
52724,0.28
53438,0.56
50534,0.67
51854,0.16
50234,0.78
51513,0.41
50680,0.86
54109,0.2
53939,0.05
50581,0.15
52449,0.76
50698,0.54
51761,0.16
50438,0.1
50527,0.3
50628,0.29
53440,0.4
51900,0.23
50717,0.22
51887,0.76
53223,0.09
51463,0.16
52180,0.1
50738,0.15
52077,0.19
52687,0.66
50238,0.68
51359,0.65
52371,0.17
51878,0.23
53817,0.36
50227,0.16
52256,0.03
51020,0.19
51582,0.5
53587,0.85
53952,0.1
51975,0.09
51771,0.96
53738,0.07
52398,0.09
53320,0.23
53627,0.66
50051,0.27
50507,0.23
53108,0.37
53681,0.32
53150,0.62
53085,0.07
51699,0.34
52623,0.36
51285,0.11
50478,0.36
53989,0.15
51801,0.13
52241,0.26
53456,0.16
52452,0.36
51614,0.19
53741,0.11
53704,0.12
51825,0.06
52942,0.19
51584,0.18
52539,0.39
53903,0.38
52754,0.75
53761,0.96
53711,0.31
51287,0.22
50000,0.49
53317,0.86
52009,0.17
51784,0.96
52297,0.07
53541,0.47
50889,0.39
53180,0.95
53498,0.16
52753,0.32
50979,0.34
52331,0.94
52361,0.08
52644,0.22
51763,0.29
54155,0.26
54061,0.54
54143,0.48
50367,0.73
52162,0.81
53034,0.3
53017,0.17
52982,0.14
54248,0.12
50978,0.14
53750,0.2
51265,0.72
52782,0.21
52859,0.24
51749,0.6
53532,0.18
50849,0.1
52065,0.17
51209,0.1
50114,0.25
52978,0.41
50818,0.16
50787,0.1
52603,0.27
53224,0.19
51056,0.15
54111,0.38
52546,0.36
52667,0.11
53577,0.08
54050,0.08
51427,0.05
53731,0.73
53918,0.15
53029,0.29
50241,0.04
50529,0.23
51180,0.72
51442,0.14
51772,0.04
54231,0.59
53618,0.16
50506,0.29
51579,0.48
53957,0.14
54160,0.55
52058,0.81
51751,0.31
52005,0.46
53709,0.16
53250,0.32
52300,0.12
51629,0.54
50805,0.36
54040,0.15
51124,0.81
53649,0.3
50314,0.18
51777,0.07
53944,0.17
52566,0.37
52513,0.13
50931,0.29
51685,0.23
54078,0.29
52890,0.06
53716,0.14
53518,0.09
50362,0.17
53732,0.28
50630,0.15
54186,0.21
51788,0.53
52369,0.54
52233,0.11
53204,0.21
52916,0.09
52804,0.16
53871,0.35
53958,0.19
50119,0.18
51959,0.05
51062,0.9
50840,0.21
50493,0.14
50443,0.07
51842,0.31
53156,0.4
50019,0.69
50418,0.47
53945,0.64
50991,0.63
50385,0.18
50929,0.52
50264,0.24
51452,0.19
52158,0.14
53210,0.04
50934,0.04
54290,0.13
50275,0.51
53400,0.37
51723,0.22
50133,0.27
51759,0.15
51307,0.56
50496,0.24
50335,0.09
53335,0.36
53214,0.11
50441,0.56
53161,0.11
53995,0.43
53095,0.13
53151,0.17
53776,0.25
51394,0.07
51350,0.15
52552,0.2
50408,0.1
51115,0.33
53153,0.6
51255,0.85
51866,0.34
50140,0.6
52685,0.44
53885,0.33
50688,0.85
53864,0.21
50583,0.24
50332,0.25
51293,0.85
54023,0.21
53775,0.56
51945,0.05
