date_time,대기온도,습도,대기압,열공급량,진공도,열감발량,기준출력,발전출력,송전출력,year,month,day,hour,day_week,주말여부
2021-01-13 16:00:00,9.4,0.676,1010.9,337.7,713.0,34.0,746.0445974328753,740.0,729.0,2021,1,13,16,Wednesday,주중
2021-01-13 16:08:00,9.2,0.696,1011.0,338.4,713.0,34.0,746.3328158030563,739.0,730.0,2021,1,13,16,Wednesday,주중
2021-01-19 09:17:00,-8.2,0.387,1030.5,336.5,722.0,34.0,746.9192073465624,809.0,794.0,2021,1,19,9,Tuesday,주중
2021-01-19 09:57:00,-7.4,0.364,1030.9,338.8,720.0,34.0,746.5679952657657,806.0,792.0,2021,1,19,9,Tuesday,주중
2021-01-19 11:08:00,-4.9,0.3,1031.5,340.7,720.0,34.0,748.1311038066635,802.0,788.0,2021,1,19,11,Tuesday,주중
2021-01-20 08:42:00,-3.9,0.41,1028.9,339.5,718.0,34.0,746.0334928090165,793.0,781.0,2021,1,20,8,Wednesday,주중
2021-01-20 09:05:00,-3.2,0.373,1029.0,336.1,717.0,34.0,748.528302625781,793.0,782.0,2021,1,20,9,Wednesday,주중
2021-01-20 15:19:00,7.2,0.17,1025.7,278.9,718.0,28.0,753.3824708334153,774.0,761.0,2021,1,20,15,Wednesday,주중
2021-01-25 14:25:00,13.8,0.407,1021.9,202.6,716.0,20.0,760.9284826954995,764.0,752.0,2021,1,25,14,Monday,주중
2021-01-26 09:09:00,4.3,0.902,1017.7,266.2,726.0,27.0,759.6804467729876,782.0,771.0,2021,1,26,9,Tuesday,주중
2021-01-26 10:47:00,4.9,0.938,1018.2,250.6,707.0,25.0,760.0435687933525,782.0,772.0,2021,1,26,10,Tuesday,주중
2021-01-26 11:35:00,5.1,0.944,1017.8,255.5,704.0,26.0,758.0556111190119,778.0,768.0,2021,1,26,11,Tuesday,주중
2021-01-27 08:52:00,0.3,0.618,1023.0,279.8,713.0,28.0,755.2631362224508,792.0,781.0,2021,1,27,8,Wednesday,주중
2021-01-27 16:56:00,3.4,0.422,1021.5,316.0,712.0,32.0,752.404247374527,776.0,764.0,2021,1,27,16,Wednesday,주중
2021-02-01 10:22:00,7.5,0.967,1013.6,331.9,710.0,33.0,747.0490013629036,748.0,739.0,2021,2,1,10,Monday,주중
2021-02-01 14:50:00,7.4,0.827,1011.6,335.9,713.0,34.0,748.248071148536,749.0,738.0,2021,2,1,14,Monday,주중
2021-02-03 08:36:00,-7.6,0.63,1026.2,346.1,714.0,35.0,746.9568614591286,799.0,788.0,2021,2,3,8,Wednesday,주중
2021-02-03 15:23:00,2.4,0.576,1022.2,332.7,717.0,33.0,752.002378113901,776.0,766.0,2021,2,3,15,Wednesday,주중
2021-02-04 09:42:00,-3.8,0.242,1027.2,343.7,719.0,34.0,751.2199839242614,796.0,785.0,2021,2,4,9,Thursday,주중
2021-02-04 14:33:00,-1.2,0.338,1025.9,331.4,718.0,33.0,752.9832309011704,791.0,780.0,2021,2,4,14,Thursday,주중
2021-02-05 09:05:00,-1.5,0.686,1020.7,330.0,717.0,33.0,747.8175093606382,780.0,771.0,2021,2,5,9,Friday,주중
2021-02-08 08:48:00,-3.4,0.411,1026.4,262.8,711.0,26.0,759.2115187710252,812.0,800.0,2021,2,8,8,Monday,주중
2021-02-08 09:13:00,-3.0,0.365,1026.8,264.7,710.0,26.0,760.7916710574044,812.0,801.0,2021,2,8,9,Monday,주중
2021-02-15 09:13:00,3.5,0.8590000000000001,1007.9,147.3,715.0,15.0,777.3741645984768,810.0,796.0,2021,2,15,9,Monday,주중
2021-02-15 09:54:00,2.6,0.8540000000000001,1008.4,154.4,717.0,15.0,774.4713864983443,806.0,796.0,2021,2,15,9,Monday,주중
2021-02-17 08:47:00,-8.1,0.41600000000000004,1017.0,337.3,719.0,34.0,750.9650528914107,798.0,787.0,2021,2,17,8,Wednesday,주중
2021-02-17 09:06:00,-7.9,0.418,1017.1,340.1,719.0,34.0,750.415063732765,797.0,786.0,2021,2,17,9,Wednesday,주중
2021-02-18 08:59:00,-6.3,0.391,1020.6,339.2,720.0,34.0,753.1822319346732,798.0,788.0,2021,2,18,8,Thursday,주중
2021-02-18 10:03:00,-5.5,0.366,1020.9,337.3,719.0,34.0,750.1934232885551,794.0,783.0,2021,2,18,10,Thursday,주중
2021-02-18 16:51:00,-0.3,0.36700000000000005,1019.7,336.9,714.0,34.0,749.6929592588872,779.0,768.0,2021,2,18,16,Thursday,주중
2021-02-23 09:07:00,-3.0,0.3,1025.7,273.9,716.0,27.0,752.4269954783637,801.0,790.0,2021,2,23,9,Tuesday,주중
2021-02-25 09:06:00,2.3,0.638,1022.9,151.6,707.0,15.0,779.411408482982,826.0,814.0,2021,2,25,9,Thursday,주중
2021-03-03 09:07:00,2.6,0.808,1029.1,210.1,710.0,21.0,770.7017830387775,814.0,803.0,2021,3,3,9,Wednesday,주중
2021-03-05 09:19:00,7.8,0.706,1019.9,105.0,706.0,11.0,785.591238180318,818.0,805.0,2021,3,5,9,Friday,주중
2021-03-08 09:13:00,2.3,0.978,1026.8,104.3,702.0,10.0,780.0989737320485,835.0,823.0,2021,3,8,9,Monday,주중
2021-03-09 09:11:00,4.4,0.846,1024.6,125.1,708.0,13.0,783.0794981875082,828.0,815.0,2021,3,9,9,Tuesday,주중
2021-03-10 16:19:00,13.3,0.47100000000000003,1025.0,53.6,705.0,5.0,784.2962565937056,808.0,795.0,2021,3,10,16,Wednesday,주중
2021-03-11 09:15:00,7.0,0.716,1027.0,121.8,704.0,12.0,772.7668991384082,811.0,799.0,2021,3,11,9,Thursday,주중
2021-03-12 09:26:00,10.1,0.566,1019.6,63.3,701.0,6.0,778.6689320721439,808.0,795.0,2021,3,12,9,Friday,주중
2021-03-15 09:36:00,8.5,0.736,1017.0,89.7,705.0,9.0,778.4807072056562,808.0,795.0,2021,3,15,9,Monday,주중
2021-03-29 16:03:00,13.4,0.555,1006.9,104.2,710.0,10.0,777.0368948716689,781.0,768.0,2021,3,29,16,Monday,주중
2021-03-30 09:00:00,9.0,0.797,1011.3,110.2,712.0,11.0,784.5288995508649,806.0,793.0,2021,3,30,9,Tuesday,주중
2021-03-30 15:05:00,15.7,0.337,1010.6,106.5,713.0,11.0,772.3770358860057,768.0,757.0,2021,3,30,15,Tuesday,주중
2021-03-30 15:26:00,15.3,0.321,1010.3,108.9,713.0,11.0,774.167111748799,774.0,760.0,2021,3,30,15,Tuesday,주중
2021-04-01 14:23:00,22.4,0.14,1015.7,0.0,709.0,0.0,770.1912113410871,758.0,744.0,2021,4,1,14,Thursday,주중
2021-04-01 16:15:00,23.2,0.16,1014.9,81.7,714.0,8.0,760.6674178078757,738.0,723.0,2021,4,1,16,Thursday,주중
2021-04-05 16:04:00,14.2,0.349,1018.9,55.0,718.0,6.0,797.3038746767895,813.0,799.0,2021,4,5,16,Monday,주중
2021-04-05 16:20:00,14.5,0.314,1018.8,55.6,718.0,6.0,792.5320673233125,811.0,793.0,2021,4,5,16,Monday,주중
2021-04-05 16:40:00,14.5,0.388,1018.7,48.5,719.0,5.0,792.6116357728826,809.0,794.0,2021,4,5,16,Monday,주중
2021-04-05 16:58:00,14.9,0.384,1018.8,55.7,718.0,6.0,794.9943175070568,809.0,794.0,2021,4,5,16,Monday,주중
2021-04-06 08:49:00,11.4,0.727,1019.7,55.6,709.0,6.0,797.5653125253972,824.0,810.0,2021,4,6,8,Tuesday,주중
2021-04-06 09:24:00,12.3,0.67,1019.7,52.9,712.0,5.0,796.7705626741764,823.0,807.0,2021,4,6,9,Tuesday,주중
2021-04-06 10:15:00,13.7,0.581,1019.6,51.4,712.0,5.0,794.9314189837829,816.0,800.0,2021,4,6,10,Tuesday,주중
2021-04-06 11:34:00,14.8,0.304,1019.2,47.6,713.0,5.0,794.3062035862074,811.0,795.0,2021,4,6,11,Tuesday,주중
2021-04-06 16:39:00,14.8,0.421,1016.9,52.1,713.0,5.0,792.1608156548991,805.0,791.0,2021,4,6,16,Tuesday,주중
2021-04-07 08:41:00,11.9,0.73,1019.4,72.8,716.0,7.0,794.6370607539798,819.0,804.0,2021,4,7,8,Wednesday,주중
2021-04-07 09:15:00,13.5,0.648,1019.5,70.6,716.0,7.0,797.2530222220026,816.0,801.0,2021,4,7,9,Wednesday,주중
2021-04-07 09:17:00,13.5,0.654,1019.5,65.3,716.0,7.0,795.2796236521463,815.0,799.0,2021,4,7,9,Wednesday,주중
2021-04-07 11:05:00,17.2,0.444,1018.9,75.3,719.0,8.0,785.5895019093126,791.0,774.0,2021,4,7,11,Wednesday,주중
2021-04-07 16:39:00,16.4,0.331,1016.3,71.2,719.0,7.0,788.6105423600429,794.0,779.0,2021,4,7,16,Wednesday,주중
2021-04-08 09:02:00,13.3,0.544,1017.2,61.8,715.0,6.0,799.3646845576563,817.0,803.0,2021,4,8,9,Thursday,주중
2021-04-08 16:44:00,14.1,0.406,1015.4,64.8,713.0,6.0,795.7675249490704,811.0,795.0,2021,4,8,16,Thursday,주중
2021-04-09 16:10:00,18.0,0.261,1021.7,76.6,716.0,8.0,790.4959271258155,792.0,778.0,2021,4,9,16,Friday,주중
2021-04-09 16:16:00,17.9,0.287,1021.7,81.8,716.0,8.0,786.0831392226104,790.0,774.0,2021,4,9,16,Friday,주중
2021-04-09 16:59:00,17.1,0.268,1021.8,78.6,715.0,8.0,786.9260434690134,794.0,778.0,2021,4,9,16,Friday,주중
2021-04-12 09:07:00,15.7,0.458,1020.4,44.8,715.0,4.0,783.7535344356718,800.0,783.0,2021,4,12,9,Monday,주중
2021-04-14 09:07:00,12.9,0.768,1010.2,45.3,710.0,5.0,796.5912889430574,813.0,797.0,2021,4,14,9,Wednesday,주중
2021-04-14 22:00:00,8.7,0.616,1014.4,44.8,710.0,4.0,794.7465914973866,829.0,814.0,2021,4,14,22,Wednesday,주중
2021-04-15 08:40:00,9.5,0.7140000000000001,1018.5,75.2,720.0,8.0,790.2047279748182,820.0,806.0,2021,4,15,8,Thursday,주중
2021-04-15 16:09:00,15.2,0.499,1014.2,74.1,715.0,7.0,785.7902307635211,793.0,779.0,2021,4,15,16,Thursday,주중
2021-04-16 09:00:00,12.3,0.5770000000000001,1012.4,75.9,716.0,8.0,784.8283840334337,801.0,786.0,2021,4,16,9,Friday,주중
2021-04-19 13:18:00,17.0,0.564,1015.0,61.1,713.0,6.0,790.9222870713479,794.0,779.0,2021,4,19,13,Monday,주중
2021-04-19 16:58:00,16.8,0.5760000000000001,1014.0,67.2,713.0,7.0,792.9619344844155,796.0,780.0,2021,4,19,16,Monday,주중
2021-04-20 16:24:00,18.0,0.17600000000000002,1018.2,50.1,717.0,5.0,792.2714404984581,795.0,780.0,2021,4,20,16,Tuesday,주중
2021-04-21 11:37:00,22.5,0.289,1020.4,65.9,708.0,7.0,777.2935290187428,763.0,747.0,2021,4,21,11,Wednesday,주중
2021-04-21 16:03:00,26.7,0.258,1016.7,65.2,713.0,7.0,785.2462478604061,749.0,734.0,2021,4,21,16,Wednesday,주중
2021-04-21 17:19:00,24.7,0.345,1016.3,0.0,707.0,0.0,795.3583325224251,775.0,759.0,2021,4,21,17,Wednesday,주중
2021-04-23 16:10:00,22.6,0.203,1015.2,42.0,713.0,4.0,777.6380189344163,759.0,746.0,2021,4,23,16,Friday,주중
2021-04-26 16:55:00,19.2,0.536,1017.8,43.0,709.0,4.0,794.3378671285268,793.0,778.0,2021,4,26,16,Monday,주중
2021-04-27 09:11:00,14.6,0.655,1017.0,45.3,712.0,5.0,788.3661040832661,802.0,788.0,2021,4,27,9,Tuesday,주중
2021-04-27 16:08:00,17.9,0.48,1014.1,44.3,713.0,4.0,789.0615318614197,789.0,775.0,2021,4,27,16,Tuesday,주중
2021-04-27 16:59:00,17.5,0.472,1014.0,44.5,713.0,4.0,790.617994900435,794.0,778.0,2021,4,27,16,Tuesday,주중
2021-04-29 09:30:00,15.2,0.485,1004.5,47.8,711.0,5.0,787.3737441034656,788.0,775.0,2021,4,29,9,Thursday,주중
2021-04-29 16:15:00,20.8,0.318,1001.0,43.6,716.0,4.0,790.5240493019586,768.0,755.0,2021,4,29,16,Thursday,주중
2021-04-30 16:54:00,12.9,0.8420000000000001,1004.0,44.3,710.0,4.0,791.5315715930922,805.0,788.0,2021,4,30,16,Friday,주중
2021-05-03 16:20:00,17.6,0.44,1014.5,35.0,713.0,4.0,795.6661803231893,798.0,783.0,2021,5,3,16,Monday,주중
2021-05-03 16:50:00,17.7,0.448,1014.4,34.4,713.0,3.0,797.1496567775797,800.0,785.0,2021,5,3,16,Monday,주중
2021-05-04 16:48:00,18.1,0.908,1003.7,0.0,699.0,0.0,789.8836060981959,786.0,771.0,2021,5,4,16,Tuesday,주중
2021-05-04 17:18:00,18.1,0.902,1003.2,37.6,701.0,4.0,786.1760935229735,779.0,763.0,2021,5,4,17,Tuesday,주중
2021-05-05 18:00:00,16.3,0.618,1013.0,0.0,701.0,0.0,801.9087206104082,810.6,797.0,2021,5,5,18,Wednesday,주중
2021-05-06 13:37:00,23.6,0.395,1013.3,34.3,704.0,3.0,792.826275990691,769.0,756.0,2021,5,6,13,Thursday,주중
2021-05-06 16:53:00,21.5,0.33,1012.1,34.7,707.0,3.0,793.012527255167,778.0,764.0,2021,5,6,16,Thursday,주중
2021-05-07 10:51:00,16.0,0.743,1003.2,31.2,708.0,3.0,797.4605097777207,799.0,783.0,2021,5,7,10,Friday,주중
2021-05-10 14:57:00,12.9,0.879,1011.4,33.5,710.0,3.0,791.6691123542623,810.0,795.0,2021,5,10,14,Monday,주중
2021-05-10 15:31:00,13.1,0.878,1010.9,35.7,710.0,4.0,790.7847710824216,808.0,792.0,2021,5,10,15,Monday,주중
2021-05-11 09:20:00,17.7,0.499,1011.8,53.7,711.0,5.0,784.0114090437547,783.0,768.0,2021,5,11,9,Tuesday,주중
2021-05-11 10:11:00,19.3,0.38,1011.6,51.6,710.0,5.0,781.2839767371536,775.0,759.0,2021,5,11,10,Tuesday,주중
2021-05-12 13:37:00,25.8,0.268,1009.5,0.0,707.0,0.0,801.6211321897081,770.0,755.0,2021,5,12,13,Wednesday,주중
2021-05-12 13:58:00,25.5,0.27699999999999997,1009.1,0.0,705.0,0.0,802.6681106125496,773.0,757.0,2021,5,12,13,Wednesday,주중
2021-05-12 14:46:00,26.8,0.27699999999999997,1008.5,0.0,704.0,0.0,805.0078040966622,766.0,753.0,2021,5,12,14,Wednesday,주중
2021-05-12 16:08:00,27.2,0.26899999999999996,1007.6,41.7,708.0,4.0,780.8358985352863,739.0,724.0,2021,5,12,16,Wednesday,주중
2021-05-12 17:48:00,23.8,0.35,1007.3,0.0,705.0,0.0,789.0111219091558,766.0,750.0,2021,5,12,17,Wednesday,주중
2021-05-13 16:08:00,25.8,0.426,1008.4,43.1,704.0,4.0,782.3055882184236,747.0,732.0,2021,5,13,16,Thursday,주중
2021-05-14 15:26:00,28.3,0.496,1007.4,0.0,696.0,0.0,788.3542542211478,744.0,730.0,2021,5,14,15,Friday,주중
2021-05-18 14:56:00,23.5,0.619,1007.9,38.5,704.0,4.0,790.3710578038443,763.0,749.0,2021,5,18,14,Tuesday,주중
2021-05-20 16:50:00,21.1,0.441,1004.0,39.1,711.0,4.0,780.0609465013023,760.0,746.0,2021,5,20,16,Thursday,주중
2021-05-20 17:03:00,18.3,0.693,1000.3,44.7,708.0,4.0,786.1414988600554,775.0,760.0,2021,5,20,17,Thursday,주중
2021-05-21 16:43:00,17.5,0.83,1005.2,53.0,710.0,5.0,790.450421616637,786.0,770.0,2021,5,21,16,Friday,주중
2021-05-24 16:56:00,19.0,0.616,1005.0,38.0,707.0,4.0,787.2977924116606,776.0,762.0,2021,5,24,16,Monday,주중
2021-05-25 08:49:00,14.0,0.816,1003.9,64.2,714.0,6.0,787.5073546655308,794.0,778.0,2021,5,25,8,Tuesday,주중
2021-05-25 09:22:00,14.3,0.7959999999999999,1003.7,65.7,713.0,7.0,789.751450966457,793.0,778.0,2021,5,25,9,Tuesday,주중
2021-05-26 10:50:00,20.5,0.469,1006.5,59.7,712.0,6.0,773.6023984123747,757.0,742.0,2021,5,26,10,Wednesday,주중
2021-05-26 14:24:00,24.1,0.328,1004.1,61.7,712.0,6.0,772.7742680589946,743.0,725.0,2021,5,26,14,Wednesday,주중
2021-05-26 18:10:00,22.9,0.468,1003.0,0.0,705.0,0.0,787.4004771180433,764.0,749.0,2021,5,26,18,Wednesday,주중
2021-05-27 17:02:00,18.5,0.81,999.7,40.8,709.0,4.0,790.489008625462,779.0,763.0,2021,5,27,17,Thursday,주중
2021-05-31 16:13:00,25.0,0.5920000000000001,1008.7,34.3,703.0,3.0,781.6433839907398,749.0,736.0,2021,5,31,16,Monday,주중
2021-06-02 16:54:00,29.1,0.38299999999999995,1008.5,0.0,699.0,0.0,789.2032307398135,744.0,728.0,2021,6,2,16,Wednesday,주중
2021-06-03 16:58:00,19.1,0.94,999.3,0.0,701.0,0.0,788.0304193504043,777.0,762.0,2021,6,3,16,Thursday,주중
2021-06-04 16:10:00,23.9,0.57,999.2,33.5,707.0,3.0,787.3420355325737,753.0,739.0,2021,6,4,16,Friday,주중
2021-06-07 16:52:00,26.1,0.405,1010.9,34.7,707.0,3.0,778.53671035767,742.0,730.0,2021,6,7,16,Monday,주중
2021-06-08 16:57:00,25.1,0.659,1012.8,34.1,701.0,3.0,788.3821439677928,761.0,745.0,2021,6,8,16,Tuesday,주중
2021-06-09 18:09:00,29.1,0.53,1011.0,0.0,695.0,0.0,785.0742859510066,740.0,726.0,2021,6,9,18,Wednesday,주중
2021-06-10 16:41:00,27.5,0.535,1007.7,0.0,698.0,0.0,784.3112939688615,743.0,730.0,2021,6,10,16,Thursday,주중
2021-06-11 16:50:00,24.8,0.693,1008.2,0.0,698.0,0.0,786.425139766723,758.0,744.0,2021,6,11,16,Friday,주중
2021-06-14 16:56:00,24.0,0.666,1002.7,0.0,699.0,0.0,789.2856030367327,759.0,746.0,2021,6,14,16,Monday,주중
2021-06-15 16:14:00,25.7,0.647,1001.0,0.0,700.0,0.0,775.854192294362,739.0,725.0,2021,6,15,16,Tuesday,주중
2021-06-16 16:14:00,29.5,0.42200000000000004,1001.8,0.0,699.0,0.0,776.7650171931043,722.0,710.0,2021,6,16,16,Wednesday,주중
2021-06-16 17:36:00,28.9,0.45899999999999996,1002.5,0.0,698.0,0.0,772.2528510172895,724.0,709.0,2021,6,16,17,Wednesday,주중
2021-06-17 16:16:00,23.5,0.74,1002.9,0.0,700.0,0.0,783.7637691836368,756.0,743.0,2021,6,17,16,Thursday,주중
2021-06-17 16:58:00,23.5,0.757,1002.8,0.0,698.0,0.0,782.786644114547,757.0,742.0,2021,6,17,16,Thursday,주중
2021-06-18 16:49:00,22.0,0.833,998.3,0.0,698.0,0.0,792.469650257007,770.0,754.0,2021,6,18,16,Friday,주중
2021-06-21 16:28:00,26.6,0.52,1002.0,0.0,699.0,0.0,774.8802844810874,735.0,721.0,2021,6,21,16,Monday,주중
2021-06-22 16:45:00,26.6,0.521,1005.0,0.0,698.0,0.0,780.0747089573285,742.0,728.0,2021,6,22,16,Tuesday,주중
2021-06-23 16:52:00,25.0,0.678,1007.6,0.0,698.0,0.0,782.5008365520137,753.0,739.0,2021,6,23,16,Wednesday,주중
2021-06-23 17:36:00,25.3,0.639,1007.4,0.0,697.0,0.0,778.7014614090084,749.0,734.0,2021,6,23,17,Wednesday,주중
2021-06-24 16:13:00,25.3,0.661,1008.1,0.0,695.0,0.0,787.6999509250053,757.0,743.0,2021,6,24,16,Thursday,주중
2021-06-24 17:00:00,24.3,0.721,1008.0,0.0,695.0,0.0,785.4077849378574,761.0,745.0,2021,6,24,17,Thursday,주중
2021-06-25 16:10:00,27.8,0.572,1007.2,0.0,695.0,0.0,786.121638981961,744.0,730.0,2021,6,25,16,Friday,주중
2021-06-27 19:05:00,26.3,0.599,1003.0,0.0,695.0,0.0,783.4627551667272,744.6,731.0,2021,6,27,19,Sunday,주말
2021-06-28 17:40:00,27.1,0.645,1001.0,0.0,695.0,0.0,775.7961387851147,733.0,719.0,2021,6,28,17,Monday,주중
2021-07-02 09:05:00,26.0,0.7190000000000001,1007.0,0.0,695.0,0.0,773.6545653438925,741.0,726.0,2021,7,2,9,Friday,주중
2021-07-02 09:56:00,26.5,0.672,1006.7,0.0,695.0,0.0,770.8132001402073,736.0,721.0,2021,7,2,9,Friday,주중
2021-07-03 19:10:00,21.8,0.919,1000.0,0.0,695.0,0.0,779.9087583702009,757.7,744.1,2021,7,3,19,Saturday,주말
2021-07-04 19:10:00,21.9,0.906,1006.0,0.0,695.0,0.0,784.7609241492406,766.4,752.8,2021,7,4,19,Sunday,주말
2021-07-05 09:57:00,24.0,0.779,1008.7,0.0,696.0,0.0,777.2252198593915,752.0,739.0,2021,7,5,9,Monday,주중
2021-07-06 09:07:00,26.2,0.75,1005.3,0.0,695.0,0.0,780.146564164481,743.0,730.0,2021,7,6,9,Tuesday,주중
2021-07-07 09:07:00,26.6,0.821,1006.4,0.0,692.0,0.0,772.5685150175377,736.0,722.0,2021,7,7,9,Wednesday,주중
2021-07-07 17:21:00,28.2,0.785,1002.9,0.0,692.0,0.0,776.2308553545901,730.0,716.0,2021,7,7,17,Wednesday,주중
2021-07-09 09:11:00,25.5,0.848,1003.2,0.0,692.0,0.0,782.8646040885358,748.0,734.0,2021,7,9,9,Friday,주중
2021-07-12 09:53:00,26.8,0.867,1008.9,0.0,688.0,0.0,772.6275682448363,736.0,723.0,2021,7,12,9,Monday,주중
2021-07-13 09:14:00,29.9,0.719,1007.4,0.0,687.0,0.0,775.5882975109525,724.8,711.1,2021,7,13,9,Tuesday,주중
2021-07-14 09:10:00,29.8,0.725,1009.7,0.0,690.0,0.0,769.9549800761412,720.0,708.0,2021,7,14,9,Wednesday,주중
2021-07-15 08:45:00,31.6,0.667,1012.8,0.0,688.0,0.0,777.5312002223579,721.0,709.0,2021,7,15,8,Thursday,주중
2021-07-19 08:55:00,27.8,0.752,1011.4,0.0,689.0,0.0,767.8218226352564,729.0,716.0,2021,7,19,8,Monday,주중
2021-07-20 08:55:00,29.7,0.698,1013.1,0.0,689.0,0.0,780.9445785710534,733.0,721.0,2021,7,20,8,Tuesday,주중
2021-07-21 08:55:00,31.14,0.5043,1012.0,0.0,689.0,0.0,778.0351595024341,723.0,711.0,2021,7,21,8,Wednesday,주중
2021-07-21 17:13:00,34.3,0.5429999999999999,1008.5,0.0,685.0,0.0,781.5412069743563,712.0,697.0,2021,7,21,17,Wednesday,주중
2021-07-22 08:55:00,30.8,0.552,1010.1,0.0,691.0,0.0,776.7226317355453,723.0,710.0,2021,7,22,8,Thursday,주중
2021-07-23 09:00:00,31.1,0.55,1008.7,0.0,692.0,0.0,781.4993221865757,725.0,712.0,2021,7,23,9,Friday,주중
2021-07-26 09:05:00,30.4,0.555,1003.2,0.0,692.0,0.0,778.9902497509784,722.0,709.0,2021,7,26,9,Monday,주중
2021-07-26 09:59:00,31.2,0.533,1003.3,0.0,692.0,0.0,777.3820810538107,717.0,704.0,2021,7,26,9,Monday,주중
2021-07-27 08:59:00,31.5,0.5589999999999999,1001.8,0.0,690.0,0.0,780.0490188476386,717.0,704.0,2021,7,27,8,Tuesday,주중
2021-07-28 09:00:00,30.9,0.635,1001.8,0.0,691.0,0.0,780.3548710221738,720.0,707.0,2021,7,28,9,Wednesday,주중
2021-07-28 17:00:00,33.2,0.598,998.9,0.0,686.0,0.0,783.2123707628427,710.0,697.0,2021,7,28,17,Wednesday,주중
2021-07-29 09:00:00,29.59,0.7706999999999999,1001.04,0.0,686.0,0.0,781.7643938986852,727.39,713.63,2021,7,29,9,Thursday,주중
2021-07-30 09:00:00,29.65,0.6703,999.09,0.0,689.0,0.0,775.2259938747168,720.12,706.03,2021,7,30,9,Friday,주중
2021-08-03 09:00:00,26.2,0.904,1000.9,0.0,689.0,0.0,781.4169890329782,742.0,728.0,2021,8,3,9,Tuesday,주중
2021-08-04 09:00:00,31.2,0.708,1007.9,0.0,688.0,0.0,783.724883920611,727.0,713.0,2021,8,4,9,Wednesday,주중
2021-08-04 09:58:00,32.2,0.6759999999999999,1007.5,0.0,686.0,0.0,783.6097881884783,722.0,708.0,2021,8,4,9,Wednesday,주중
2021-08-04 17:06:00,30.4,0.665,1005.5,0.0,689.0,0.0,780.499698379375,725.0,712.0,2021,8,4,17,Wednesday,주중
2021-08-05 09:00:00,30.5,0.631,1005.7,0.0,689.0,0.0,776.782093147428,722.2,708.3,2021,8,5,9,Thursday,주중
2021-08-09 08:00:00,27.5,0.798,1001.4,0.0,689.0,0.0,775.1847203702129,730.6,717.0,2021,8,9,8,Monday,주중
2021-08-09 09:00:00,28.35,0.67,1001.4,0.0,689.0,0.0,775.9252809382393,728.3,714.0,2021,8,9,9,Monday,주중
2021-08-10 08:50:00,27.7,0.629,1005.0,0.0,689.0,0.0,777.7700730613789,735.0,721.1,2021,8,10,8,Tuesday,주중
2021-08-11 09:00:00,28.1,0.748,1008.8,0.0,689.0,0.0,780.8037558772165,737.9,724.9,2021,8,11,9,Wednesday,주중
2021-08-11 17:04:00,31.2,0.544,1006.7,0.0,692.0,0.0,774.7577115372139,717.0,704.0,2021,8,11,17,Wednesday,주중
2021-08-12 08:55:00,27.6,0.7070000000000001,1008.9,0.0,691.0,0.0,774.1810448121496,734.0,721.0,2021,8,12,8,Thursday,주중
2021-08-13 08:53:00,26.9,0.725,1004.7,0.0,692.0,0.0,774.178741152163,735.0,721.0,2021,8,13,8,Friday,주중
2021-08-17 09:00:00,27.04,0.542,1009.5,0.0,692.0,0.0,776.582713807469,739.6,726.1,2021,8,17,9,Tuesday,주중
2021-08-18 08:00:00,20.8,0.798,1009.5,0.0,692.0,0.0,777.6713724576388,768.0,753.0,2021,8,18,8,Wednesday,주중
2021-08-18 17:54:00,26.6,0.679,1006.7,0.0,692.0,0.0,779.8258299984984,744.0,729.0,2021,8,18,17,Wednesday,주중
2021-08-19 09:00:00,25.7,0.573,1010.1,0.0,699.0,0.0,777.3451501692381,747.0,733.0,2021,8,19,9,Thursday,주중
2021-08-19 10:00:00,27.5,0.534,1010.3,0.0,696.0,0.0,776.9221641970429,739.0,725.0,2021,8,19,10,Thursday,주중
2021-08-20 09:00:00,25.9,0.725,1010.6,0.0,695.0,0.0,778.6041669224599,747.6,733.7,2021,8,20,9,Friday,주중
2021-08-23 08:57:00,23.9,0.84,1008.4,0.0,692.0,0.0,778.0733687195885,753.0,740.0,2021,8,23,8,Monday,주중
2021-08-24 08:57:00,23.1,0.946,995.5,0.0,692.0,0.0,778.2423607381652,747.0,734.0,2021,8,24,8,Tuesday,주중
2021-08-25 09:00:00,24.5,0.9470000000000001,1003.5,0.0,692.0,0.0,774.3473543209114,744.1,730.4,2021,8,25,9,Wednesday,주중
2021-08-25 17:41:00,26.3,0.8270000000000001,1003.9,0.0,692.0,0.0,778.4792555094996,741.0,727.0,2021,8,25,17,Wednesday,주중
2021-08-27 08:56:00,23.8,0.72,1011.3,0.0,697.0,0.0,784.8214398911181,762.0,749.0,2021,8,27,8,Friday,주중
2021-08-30 08:56:00,24.2,0.9,1014.5,0.0,692.0,0.0,780.9320182925259,761.0,746.0,2021,8,30,8,Monday,주중
2021-08-31 08:55:00,23.5,0.9179999999999999,1013.8,0.0,692.0,0.0,780.5110376116866,764.0,748.0,2021,8,31,8,Tuesday,주중
2021-09-01 09:15:00,21.3,0.877,1007.1,0.0,692.0,0.0,783.6740295049565,768.0,755.0,2021,9,1,9,Wednesday,주중
2021-09-02 09:09:00,23.4,0.6920000000000001,1008.8,0.0,698.0,0.0,778.7429620032088,758.0,743.0,2021,9,2,9,Thursday,주중
2021-09-03 09:05:00,24.6,0.696,1007.5,0.0,698.0,0.0,783.9656028409955,756.0,742.0,2021,9,3,9,Friday,주중
2021-09-06 09:12:00,23.4,0.584,1015.9,0.0,699.0,0.0,773.2358822037196,757.0,743.0,2021,9,6,9,Monday,주중
2021-09-07 09:07:00,20.2,0.94,1006.3,0.0,696.0,0.0,777.7114005187627,767.0,753.0,2021,9,7,9,Tuesday,주중
2021-09-08 09:09:00,22.9,0.757,1008.5,0.0,699.0,0.0,782.0572419953893,761.0,748.0,2021,9,8,9,Wednesday,주중
2021-09-08 17:08:00,25.1,0.675,1008.7,0.0,697.0,0.0,783.1497079033146,754.0,740.0,2021,9,8,17,Wednesday,주중
2021-09-09 09:18:00,20.9,0.95,1012.5,0.0,699.0,0.0,782.96500143239,773.0,760.0,2021,9,9,9,Thursday,주중
2021-09-09 11:13:00,25.3,0.7559999999999999,1012.2,0.0,696.0,0.0,780.2598819619789,752.0,739.0,2021,9,9,11,Thursday,주중
2021-09-09 14:27:00,29.1,0.485,1010.8,0.0,697.0,0.0,777.6599939194467,734.0,719.0,2021,9,9,14,Thursday,주중
2021-09-10 09:15:00,23.0,0.88,1011.8,0.0,692.0,0.0,777.8288854283425,761.0,746.0,2021,9,10,9,Friday,주중
2021-09-13 09:08:00,24.3,0.722,1015.2,0.0,696.0,0.0,780.8251670238955,760.0,746.0,2021,9,13,9,Monday,주중
2021-09-14 09:14:00,23.6,0.6759999999999999,1013.9,0.0,698.0,0.0,780.8671878436882,762.0,748.0,2021,9,14,9,Tuesday,주중
2021-10-05 09:06:00,26.0,0.772,1019.2,0.0,693.0,0.0,790.5905552883971,769.0,751.0,2021,10,5,9,Tuesday,주중
2021-10-05 09:09:00,20.4,0.935,1019.2,32.9,698.0,3.0,781.8133815980431,777.0,763.0,2021,10,5,9,Tuesday,주중
2021-10-07 09:02:00,20.8,0.96,1014.7,40.6,701.0,4.0,786.9967750039438,778.0,762.0,2021,10,7,9,Thursday,주중
2021-10-07 17:36:00,21.6,0.768,1014.1,0.0,698.0,0.0,794.9481325392827,786.0,770.0,2021,10,7,17,Thursday,주중
2021-10-08 09:13:00,20.2,0.887,1018.8,0.0,700.0,0.0,790.4931929634399,791.0,775.0,2021,10,8,9,Friday,주중
2021-10-12 09:09:00,18.6,0.7240000000000001,1023.0,0.0,704.0,0.0,789.8173412102701,800.0,784.0,2021,10,12,9,Tuesday,주중
2021-10-13 09:10:00,19.6,0.637,1023.5,0.0,704.0,0.0,793.4400191137195,799.0,784.0,2021,10,13,9,Wednesday,주중
2021-10-14 09:10:00,20.2,0.81,1019.1,38.0,704.0,4.0,792.2944850197645,788.0,773.0,2021,10,14,9,Thursday,주중
2021-10-15 09:12:00,18.9,0.784,1016.8,43.1,706.0,4.0,791.89490277273,791.0,776.0,2021,10,15,9,Friday,주중
2021-10-18 09:13:00,8.5,0.374,1023.5,41.9,709.0,4.0,799.3848535627915,845.0,827.0,2021,10,18,9,Monday,주중
2021-10-18 09:56:00,10.1,0.34299999999999997,1023.1,41.8,707.0,4.0,795.3069369568167,833.0,817.0,2021,10,18,9,Monday,주중
2021-10-19 09:10:00,11.3,0.955,1017.8,49.0,711.0,5.0,794.8287171134684,821.0,807.0,2021,10,19,9,Tuesday,주중
2021-10-20 09:05:00,9.2,0.662,1021.3,51.2,713.0,5.0,800.546673469781,840.0,823.0,2021,10,20,9,Wednesday,주중
2021-10-21 09:15:00,9.9,0.732,1019.5,89.7,722.0,9.0,791.6958916225334,822.0,806.0,2021,10,21,9,Thursday,주중
2021-10-22 09:01:00,10.6,0.711,1020.3,68.8,714.0,7.0,797.2850730401742,826.0,812.0,2021,10,22,9,Friday,주중
2021-10-25 09:06:00,11.2,0.7609999999999999,1023.0,50.9,716.0,5.0,798.1325749727027,829.0,815.0,2021,10,25,9,Monday,주중
2021-10-26 09:15:00,11.2,0.7929999999999999,1020.4,53.4,712.0,5.0,794.3675225213491,825.0,809.0,2021,10,26,9,Tuesday,주중
2021-10-27 09:04:00,14.3,0.74,1018.3,0.0,706.0,0.0,790.2180573941962,812.0,797.0,2021,10,27,9,Wednesday,주중
2021-10-28 09:09:00,10.4,0.6779999999999999,1022.2,38.6,706.0,4.0,793.1491057918622,829.0,813.0,2021,10,28,9,Thursday,주중
2021-10-29 09:05:00,14.5,0.516,1024.8,36.4,713.0,4.0,788.7485641720574,811.0,796.0,2021,10,29,9,Friday,주중
2021-11-01 09:10:00,13.5,0.85,1022.8,36.8,710.0,4.0,791.6615072968525,814.0,801.0,2021,11,1,9,Monday,주중
2021-11-02 09:08:00,11.8,0.841,1021.6,39.9,713.0,4.0,795.4685311341061,825.0,810.0,2021,11,2,9,Tuesday,주중
2021-11-03 09:10:00,10.3,0.85,1019.3,48.9,708.0,5.0,792.2100532276594,826.0,809.0,2021,11,3,9,Wednesday,주중
2021-11-05 09:15:00,11.4,0.868,1020.7,68.7,713.0,7.0,788.952809305491,817.0,801.0,2021,11,5,9,Friday,주중
2021-11-08 09:10:00,10.5,0.8490000000000001,1008.9,45.6,708.0,5.0,793.2998773850949,816.0,801.0,2021,11,8,9,Monday,주중
2021-11-09 09:10:00,4.5,0.912,1010.2,61.9,713.0,6.0,793.8068627210506,833.0,821.0,2021,11,9,9,Tuesday,주중
2021-11-10 09:10:00,3.1,0.868,1006.3,106.9,717.0,11.0,786.1148855645466,824.0,809.0,2021,11,10,9,Wednesday,주중
2021-11-10 13:08:00,7.2,0.594,1004.9,165.4,719.0,17.0,772.1671791124808,789.0,775.0,2021,11,10,13,Wednesday,주중
2021-11-10 17:42:00,7.9,0.644,1005.9,0.0,713.0,0.0,801.8676945307029,838.0,821.0,2021,11,10,17,Wednesday,주중
2021-11-11 09:13:00,5.7,0.5820000000000001,1009.7,149.2,717.0,15.0,781.3971339550039,809.0,795.0,2021,11,11,9,Thursday,주중
2021-11-12 09:11:00,6.3,0.401,1016.0,155.8,719.0,16.0,783.0833702011139,810.0,799.0,2021,11,12,9,Friday,주중
2021-11-15 09:11:00,8.9,0.871,1020.7,55.2,713.0,6.0,796.1811247262929,832.0,818.0,2021,11,15,9,Monday,주중
2021-11-15 17:15:00,14.0,0.528,1019.4,54.0,710.0,5.0,793.2086889625757,813.0,797.0,2021,11,15,17,Monday,주중
2021-11-16 14:10:00,12.7,0.387,1022.0,99.7,714.9,10.0,789.4700432426345,808.6,795.0,2021,11,16,14,Tuesday,주중
2021-11-17 14:58:00,12.0,0.307,1020.8,56.7,708.0,6.0,798.7605007905753,824.0,810.0,2021,11,17,14,Wednesday,주중
2021-11-17 16:36:00,11.4,0.433,1021.0,0.0,708.0,0.0,800.4284757324175,837.0,820.0,2021,11,17,16,Wednesday,주중
2021-11-17 17:45:00,11.1,0.45,1020.5,0.0,708.0,0.0,799.7994601282779,836.0,820.0,2021,11,17,17,Wednesday,주중
2021-11-22 14:10:00,5.0,0.5,1013.0,45.0,703.0,5.0,793.3565212474699,835.9,822.3,2021,11,22,14,Monday,주중
2021-11-22 16:45:00,4.1,0.515,1015.0,49.6,704.0,5.0,795.5157452342683,845.0,829.0,2021,11,22,16,Monday,주중
2021-11-23 17:00:00,1.8,0.795,1015.2,172.5,705.0,17.0,775.5640656178463,815.0,803.0,2021,11,23,17,Tuesday,주중
2021-11-24 15:30:00,10.0,0.657,1013.8,0.0,703.0,0.0,798.520135594071,833.0,817.0,2021,11,24,15,Wednesday,주중
2021-11-26 08:37:00,1.2,0.616,1024.3,166.7,708.0,17.0,778.1218217171139,827.0,815.0,2021,11,26,8,Friday,주중
2021-11-26 16:46:00,6.4,0.518,1025.2,164.7,707.0,16.0,775.2224123948015,810.0,798.0,2021,11,26,16,Friday,주중
2021-11-29 09:12:00,5.3,0.564,1027.4,98.4,704.0,10.0,785.3974240798799,834.0,820.0,2021,11,29,9,Monday,주중
2021-12-01 09:23:00,0.2,0.434,1020.3,166.4,707.0,17.0,776.711348720028,825.0,813.0,2021,12,1,9,Wednesday,주중
2021-12-01 14:00:00,1.7,0.391,1020.1,252.8,718.0,25.0,763.0228907298389,797.0,786.0,2021,12,1,14,Wednesday,주중
2021-12-01 17:02:00,1.6,0.408,1020.9,0.0,705.0,0.0,798.7933077923423,865.0,850.0,2021,12,1,17,Wednesday,주중
2021-12-02 09:10:00,-0.12,0.628,1020.2,189.0,713.0,19.0,776.8826464229035,824.0,812.0,2021,12,2,9,Thursday,주중
2021-12-06 08:52:00,3.3,0.66,1025.8,258.0,722.0,26.0,759.2296216517437,793.0,781.0,2021,12,6,8,Monday,주중
2021-12-06 09:14:00,4.5,0.605,1025.7,257.1,720.0,26.0,763.6007046600944,793.0,782.0,2021,12,6,9,Monday,주중
2021-12-08 13:41:00,11.8,0.517,1030.1,258.6,714.0,26.0,758.6409286015589,770.0,757.0,2021,12,8,13,Wednesday,주중
2021-12-08 14:21:00,12.2,0.48200000000000004,1029.7,251.9,713.0,25.0,761.2456566246912,771.0,759.0,2021,12,8,14,Wednesday,주중
2021-12-08 15:10:00,12.1,0.491,1029.6,0.0,704.0,0.0,800.7858595899105,839.0,825.0,2021,12,8,15,Wednesday,주중
2021-12-08 16:30:00,11.8,0.499,1029.6,0.0,708.0,0.0,801.6774808965755,843.0,827.0,2021,12,8,16,Wednesday,주중
2021-12-08 17:02:00,11.2,0.502,1029.5,0.0,708.0,0.0,802.5843040535163,846.0,830.0,2021,12,8,17,Wednesday,주중
2021-12-09 09:08:00,4.9,0.711,1029.1,255.4,716.0,26.0,761.1763798391628,791.0,781.0,2021,12,9,9,Thursday,주중
2021-12-13 09:25:00,-2.2,0.34299999999999997,1028.2,304.0,719.0,30.0,755.2281758482711,801.0,790.0,2021,12,13,9,Monday,주중
2021-12-13 14:58:00,1.8,0.239,1025.2,344.0,720.0,34.0,750.0185374580088,777.0,767.0,2021,12,13,14,Monday,주중
2021-12-14 14:08:00,7.7,0.515,1017.4,226.0,714.0,23.0,768.9210794564032,784.0,774.0,2021,12,14,14,Tuesday,주중
2021-12-15 09:12:00,7.1,0.94,1018.0,161.5,716.0,16.0,782.0286481011051,802.0,797.0,2021,12,15,9,Wednesday,주중
2021-12-16 14:04:00,9.9,0.47200000000000003,1016.2,203.1,719.0,20.0,772.8796750295858,786.0,773.0,2021,12,16,14,Thursday,주중
2021-12-17 16:41:00,-5.7,0.39299999999999996,1023.2,330.7,720.0,33.0,751.6652295284109,799.0,788.0,2021,12,17,16,Friday,주중
2021-12-20 17:08:00,11.9,0.6459999999999999,1013.4,286.5,716.0,29.0,756.0580416582447,749.0,738.0,2021,12,20,17,Monday,주중
2021-12-21 15:02:00,10.0,0.44,1014.4,317.4,713.0,32.0,752.1314843767262,748.0,738.0,2021,12,21,15,Tuesday,주중
2021-12-22 09:00:00,0.7,0.41,1021.5,291.2,722.0,29.0,758.3755414181794,792.0,781.0,2021,12,22,9,Wednesday,주중
2021-12-22 17:06:00,6.2,0.409,1020.8,0.0,712.0,0.0,801.9597921868104,857.0,839.0,2021,12,22,17,Wednesday,주중
2021-12-23 14:08:00,8.0,0.319,1022.1,157.1,710.0,16.0,781.5978722883718,809.0,797.0,2021,12,23,14,Thursday,주중
2021-12-24 15:28:00,3.1,0.6940000000000001,1019.6,340.9,713.0,34.0,749.2407409706192,769.0,758.0,2021,12,24,15,Friday,주중
2021-12-27 14:53:00,-3.7,0.5589999999999999,1027.0,359.0,713.0,36.0,746.102157199668,787.0,777.0,2021,12,27,14,Monday,주중
2021-12-28 08:56:00,-5.0,0.8240000000000001,1027.7,359.9,714.0,36.0,742.5602810591092,788.0,777.0,2021,12,28,8,Tuesday,주중
2021-12-28 10:11:00,-3.2,0.716,1027.9,360.1,712.0,36.0,746.6058971135305,788.0,777.0,2021,12,28,10,Tuesday,주중
2021-12-28 15:32:00,1.2,0.54,1024.1,265.8,704.0,27.0,757.6991736339811,794.0,783.0,2021,12,28,15,Tuesday,주중
2021-12-28 16:20:00,1.2,0.535,1023.8,340.9,705.0,34.0,743.8925169782128,772.0,761.0,2021,12,28,16,Tuesday,주중
2021-12-29 14:17:00,6.7,0.528,1014.9,348.7,716.0,35.0,744.7008355356329,751.0,738.0,2021,12,29,14,Wednesday,주중
2021-12-29 17:01:00,5.89,0.624,1015.3,341.5,719.0,34.0,748.7989961009146,758.0,746.0,2021,12,29,17,Wednesday,주중
2022-01-03 14:57:00,3.2,0.474,1023.0,339.3,713.0,34.0,746.952863036064,769.0,758.0,2022,1,3,14,Monday,주중
2022-01-04 09:07:00,-2.1,0.43799999999999994,1026.9,342.6,713.0,34.0,746.3182294025625,785.0,775.0,2022,1,4,9,Tuesday,주중
2022-01-05 14:10:00,2.2,0.303,1024.0,345.6,711.0,35.0,746.3530593341404,769.0,760.0,2022,1,5,14,Wednesday,주중
2022-01-05 17:05:00,2.0,0.32,1024.1,345.1,709.0,35.0,745.7507942740507,772.0,760.0,2022,1,5,17,Wednesday,주중
2022-01-12 15:40:00,-4.0,0.392,1020.0,353.7,728.0,35.0,745.1325313385801,783.0,772.0,2022,1,12,15,Wednesday,주중
2022-01-19 14:04:00,-1.3,0.773,1020.2,344.2,713.0,34.0,746.8239343695888,778.0,768.0,2022,1,19,14,Wednesday,주중
2022-01-21 14:02:00,3.9,0.276,1027.4,342.0,719.0,34.0,746.4851286994317,769.0,759.0,2022,1,21,14,Friday,주중
2022-01-24 15:00:00,9.1,0.386,1018.2,334.8,713.0,33.0,742.6075217592661,742.0,733.0,2022,1,24,15,Monday,주중
2022-01-25 14:07:00,5.4,0.782,1017.7,226.2,713.0,23.0,766.637826910122,790.0,779.0,2022,1,25,14,Tuesday,주중
2022-01-26 15:13:00,3.8,0.531,1022.3,303.0,722.0,30.0,757.6249758204876,780.0,771.0,2022,1,26,15,Wednesday,주중
2022-01-27 08:37:00,-1.8,0.499,1024.0,253.8,716.0,25.0,761.2758962124534,808.0,797.0,2022,1,27,8,Thursday,주중
2022-02-08 14:01:00,4.0,0.39299999999999996,1024.9,157.6,713.0,16.0,776.0233537001963,818.0,806.0,2022,2,8,14,Tuesday,주중
2022-02-09 14:02:00,5.4,0.392,1022.7,148.3,714.0,15.0,781.8177534977783,818.0,807.0,2022,2,9,14,Wednesday,주중
2022-02-09 15:43:00,5.0,0.385,1021.8,141.3,716.0,14.0,785.1491070380757,824.0,812.0,2022,2,9,15,Wednesday,주중
2022-02-11 15:02:00,7.3,0.38799999999999996,1023.8,104.3,712.0,10.0,786.7073993422439,825.0,812.0,2022,2,11,15,Friday,주중
2022-02-14 14:50:00,7.8,0.43799999999999994,1016.4,158.6,719.0,16.0,777.7279884113821,803.0,789.0,2022,2,14,14,Monday,주중
2022-02-16 16:15:00,-4.3,0.37200000000000005,1020.5,204.6,725.0,20.0,771.719958328639,829.0,817.0,2022,2,16,16,Wednesday,주중
2022-02-23 15:13:00,-3.1,0.33799999999999997,1030.0,203.7,715.0,20.0,767.2601337926609,829.0,817.0,2022,2,23,15,Wednesday,주중
2022-02-25 14:12:00,9.4,0.632,1023.8,140.9,717.0,14.0,779.8885525847346,807.0,794.0,2022,2,25,14,Friday,주중
2022-03-02 16:30:00,8.2,0.45799999999999996,1014.9,214.6,713.0,21.0,768.5165298924773,784.0,772.0,2022,3,2,16,Wednesday,주중
2022-03-03 14:52:00,10.3,0.3,1015.8,155.1,719.0,16.0,778.3931703332303,793.0,781.0,2022,3,3,14,Thursday,주중
2022-03-07 14:56:00,7.2,0.33299999999999996,1017.6,262.4,716.0,26.0,760.508765716777,775.0,764.0,2022,3,7,14,Monday,주중
2022-03-11 13:58:00,17.5,0.485,1015.1,180.4,716.0,18.0,759.4506433746776,744.0,734.0,2022,3,11,13,Friday,주중
2022-03-14 13:59:00,8.0,0.978,1007.8,154.3,713.0,15.0,771.4148946007027,788.0,776.0,2022,3,14,13,Monday,주중
2022-03-15 14:05:00,10.2,0.652,1012.5,162.8,715.0,16.0,769.8656852894837,781.0,770.0,2022,3,15,14,Tuesday,주중
2022-03-23 18:00:00,7.4,0.45,1014.8,134.5,713.0,13.0,778.7058107779095,808.0,793.0,2022,3,23,18,Wednesday,주중
2022-03-29 17:49:00,14.2,0.489,1020.7,43.5,706.0,4.0,783.0109077967367,805.0,788.0,2022,3,29,17,Tuesday,주중
2022-04-01 14:05:00,12.8,0.48,1026.9,157.3,716.0,16.0,766.4033603214649,782.0,769.0,2022,4,1,14,Friday,주중
2022-04-04 14:10:00,15.0,0.25,1026.8,157.0,716.0,16.0,773.2046887936,782.0,768.0,2022,4,4,14,Monday,주중
2022-04-05 14:10:00,14.9,0.287,1019.7,72.0,713.0,7.0,784.3476406204667,798.0,783.0,2022,4,5,14,Tuesday,주중
2022-04-06 16:45:00,13.2,0.402,1018.1,0.0,704.0,0.0,797.2983596111532,823.0,808.0,2022,4,6,16,Wednesday,주중
2022-04-12 17:06:00,17.2,0.82,1007.4,0.0,698.0,0.0,791.6282799887584,792.0,779.0,2022,4,12,17,Tuesday,주중
2022-04-13 17:01:00,10.9,0.774,1012.2,0.0,704.0,0.0,804.8091620763647,835.0,819.0,2022,4,13,17,Wednesday,주중
2022-04-18 17:04:00,16.2,0.294,1015.1,83.8,716.0,8.0,782.7819259486623,787.0,772.0,2022,4,18,17,Monday,주중
2022-04-19 18:01:00,16.3,0.532,1014.5,47.3,709.0,5.0,788.65034476795,796.0,780.0,2022,4,19,18,Tuesday,주중
2022-04-20 16:53:00,19.3,0.37,1012.2,0.0,703.0,0.0,786.9477575305948,786.0,770.0,2022,4,20,16,Wednesday,주중
2022-04-21 09:10:00,15.6,0.45799999999999996,1011.1,0.0,707.0,0.0,785.6930948267584,796.0,782.0,2022,4,21,9,Thursday,주중
2022-04-21 09:24:00,17.2,0.259,1011.0,0.0,707.0,0.0,785.753151076149,789.0,776.0,2022,4,21,9,Thursday,주중
2022-04-21 10:34:00,19.1,0.249,1010.7,0.0,705.0,0.0,780.1683610891216,779.0,763.0,2022,4,21,10,Thursday,주중
2022-04-21 10:54:00,19.5,0.287,1010.8,0.0,705.0,0.0,782.7082441408012,776.0,764.0,2022,4,21,10,Thursday,주중
2022-04-21 18:00:00,18.5,0.493,1008.5,40.6,708.0,4.0,783.6046506033765,778.0,763.0,2022,4,21,18,Thursday,주중
2022-04-22 17:11:00,15.6,0.8079999999999999,1007.7,34.9,705.0,3.0,789.3705915571809,794.0,780.0,2022,4,22,17,Friday,주중
2022-04-25 14:25:00,23.9,0.556,1008.3,31.3,702.0,3.0,778.1509347673505,749.0,737.0,2022,4,25,14,Monday,주중
2022-04-25 14:57:00,24.0,0.545,1008.0,0.0,698.0,0.0,777.7677525753745,751.0,739.0,2022,4,25,14,Monday,주중
2022-04-25 15:55:00,24.1,0.568,1007.2,0.0,698.0,0.0,786.2026091940165,760.0,746.0,2022,4,25,15,Monday,주중
2022-04-26 17:07:00,18.5,0.6509999999999999,1000.2,0.0,702.0,0.0,790.097333938766,778.0,767.0,2022,4,26,17,Tuesday,주중
2022-04-27 14:29:00,19.6,0.257,1013.1,12.0,705.0,1.0,787.447833113851,783.0,769.0,2022,4,27,14,Wednesday,주중
2022-04-27 15:11:00,20.3,0.293,1012.8,0.0,705.0,0.0,791.5666417301277,785.0,771.0,2022,4,27,15,Wednesday,주중
2022-04-28 13:57:00,21.7,0.39899999999999997,1013.1,12.4,704.0,1.0,790.9999946967167,779.0,764.0,2022,4,28,13,Thursday,주중
2022-04-29 17:15:00,15.6,0.483,1014.2,14.4,706.0,1.0,785.2650214108794,798.0,783.0,2022,4,29,17,Friday,주중
2022-05-02 18:00:00,15.3,0.499,1011.6,13.3,705.0,1.0,793.2188496424335,804.0,790.0,2022,5,2,18,Monday,주중
2022-05-09 17:10:00,19.6,0.475,1014.3,13.6,703.0,1.0,786.5030128995821,783.0,769.0,2022,5,9,17,Monday,주중
2022-05-11 14:43:00,19.9,0.42200000000000004,1013.0,0.0,702.0,0.0,787.719617851961,783.0,769.0,2022,5,11,14,Wednesday,주중
2022-05-16 17:57:00,21.5,0.563,1007.4,12.7,704.0,1.0,789.4687839733557,770.0,759.0,2022,5,16,17,Monday,주중
2022-05-18 17:03:00,25.7,0.447,1012.2,0.0,701.0,0.0,779.9495892429708,750.0,737.0,2022,5,18,17,Wednesday,주중
2022-05-18 17:50:00,24.6,0.43,1012.1,0.0,701.0,0.0,779.3237126841303,752.0,741.0,2022,5,18,17,Wednesday,주중
2022-05-19 17:06:00,23.0,0.469,1013.9,13.4,704.0,1.0,782.4401985371804,764.0,751.0,2022,5,19,17,Thursday,주중
2022-05-23 17:07:00,23.7,0.5589999999999999,1010.1,12.6,695.0,1.0,774.8386485934391,750.0,738.0,2022,5,23,17,Monday,주중
2022-05-25 09:07:00,21.3,0.636,1009.5,13.2,697.0,1.0,782.8369403798868,769.0,755.0,2022,5,25,9,Wednesday,주중
2022-05-25 11:26:00,23.5,0.5710000000000001,1008.4,13.1,697.0,1.0,780.535309519804,757.0,743.0,2022,5,25,11,Wednesday,주중
2022-05-26 17:11:00,23.3,0.254,1001.2,13.6,704.0,1.0,781.0506958925054,751.0,739.0,2022,5,26,17,Thursday,주중
2022-05-31 17:14:00,24.0,0.248,1006.4,13.3,701.0,1.0,784.2789750609469,755.0,743.0,2022,5,31,17,Tuesday,주중
2022-06-08 17:10:00,23.6,0.565,1008.5,14.1,697.0,1.0,780.8917567622912,756.0,743.0,2022,6,8,17,Wednesday,주중
2022-06-09 15:14:00,25.2,0.547,1010.5,13.4,698.0,1.0,776.9084101610471,747.0,734.0,2022,6,9,15,Thursday,주중
2022-06-15 16:28:00,23.2,0.737,1003.0,0.0,695.0,0.0,779.2254056481853,752.0,740.0,2022,6,15,16,Wednesday,주중
2022-06-16 16:52:00,24.2,0.59,1005.9,13.2,696.0,1.0,777.1056463394383,748.0,735.0,2022,6,16,16,Thursday,주중
2022-06-22 16:46:00,26.6,0.713,1005.3,0.0,691.0,0.0,772.3434826173087,735.0,721.0,2022,6,22,16,Wednesday,주중
2022-06-23 17:50:00,24.9,0.941,993.7,14.1,688.0,1.0,765.0116648110114,726.0,712.0,2022,6,23,17,Thursday,주중
2022-06-27 09:09:00,27.8,0.813,1006.2,12.9,687.0,1.0,762.1119079751396,720.0,706.0,2022,6,27,9,Monday,주중
2022-06-27 14:28:00,28.3,0.873,1003.4,13.2,686.0,1.0,768.7286086341558,720.0,708.0,2022,6,27,14,Monday,주중
2022-07-04 16:32:00,31.8,0.583,1002.1,12.3,687.0,1.0,782.4454957514511,717.0,704.0,2022,7,4,16,Monday,주중
2022-07-05 17:02:00,29.8,0.6809999999999999,1002.3,11.9,686.0,1.0,777.8377095217335,722.0,709.0,2022,7,5,17,Tuesday,주중
2022-07-06 15:41:00,34.5,0.544,1003.8,0.0,686.0,0.0,763.7139248488835,689.0,677.0,2022,7,6,15,Wednesday,주중
2022-07-07 13:16:00,32.5,0.68,1002.8,12.5,685.0,1.0,776.5785565645119,710.0,696.0,2022,7,7,13,Thursday,주중
2022-07-07 17:54:00,30.6,0.81,1001.8,0.0,683.0,0.0,777.7606740207995,720.0,706.0,2022,7,7,17,Thursday,주중
2022-07-08 17:08:00,29.1,0.7170000000000001,999.6,0.0,687.0,0.0,779.8101344382536,726.0,713.0,2022,7,8,17,Friday,주중
2022-07-14 17:57:00,26.7,0.78,998.6,13.6,689.0,1.0,785.5094256858671,741.0,727.0,2022,7,14,17,Thursday,주중
2022-07-15 17:50:00,28.4,0.63,996.7,12.9,691.0,1.0,779.7844262727441,726.0,713.0,2022,7,15,17,Friday,주중
2022-07-20 14:45:00,31.5,0.499,1004.5,0.0,690.0,0.0,777.9596903800748,716.0,704.0,2022,7,20,14,Wednesday,주중
2022-07-22 17:02:00,28.2,0.674,1003.6,15.5,691.0,2.0,778.9413602489866,731.0,717.0,2022,7,22,17,Friday,주중
2022-07-26 17:20:00,32.2,0.642,1006.3,12.4,685.0,1.0,775.6818618126422,713.0,699.0,2022,7,26,17,Tuesday,주중
2022-07-27 15:00:00,31.8,0.5760000000000001,1007.0,0.0,687.0,0.0,766.4936342868104,707.0,694.0,2022,7,27,15,Wednesday,주중
2022-07-29 09:07:00,30.0,0.6970000000000001,1010.9,12.0,686.0,1.0,766.7375856273101,717.0,704.0,2022,7,29,9,Friday,주중
2022-07-29 17:10:00,33.7,0.568,1008.5,12.4,683.0,1.0,773.9107479189851,704.0,692.0,2022,7,29,17,Friday,주중
2022-08-02 17:07:00,27.9,0.945,1006.2,11.1,682.0,1.0,766.8873564936397,725.0,710.0,2022,8,2,17,Tuesday,주중
2022-08-04 17:16:00,32.3,0.679,1006.7,12.4,683.0,1.0,774.7731021518239,712.0,698.0,2022,8,4,17,Thursday,주중
2022-08-08 09:11:00,30.5,0.8320000000000001,1004.0,0.0,683.0,0.0,764.5844085109865,707.0,696.0,2022,8,8,9,Monday,주중
2022-08-08 17:19:00,28.5,0.938,1002.8,0.0,680.0,0.0,769.0412964952776,722.0,708.0,2022,8,8,17,Monday,주중
2022-08-11 17:19:00,25.6,0.898,1002.1,0.0,688.0,0.0,776.6953281156435,740.0,727.0,2022,8,11,17,Thursday,주중
2022-08-12 17:16:00,30.2,0.595,1003.1,12.4,690.0,1.0,774.7897242745399,719.0,705.0,2022,8,12,17,Friday,주중
2022-08-16 17:57:00,27.5,0.711,1002.3,12.3,690.0,1.0,777.7331630964302,731.0,719.0,2022,8,16,17,Tuesday,주중
2022-08-17 16:38:00,27.8,0.667,1003.2,0.0,689.0,0.0,775.200539388106,732.0,717.0,2022,8,17,16,Wednesday,주중
2022-08-18 17:18:00,28.0,0.706,1005.5,12.1,689.0,1.0,775.4469595961938,730.0,717.0,2022,8,18,17,Thursday,주중
2022-08-24 17:59:00,26.9,0.59,1004.9,12.9,693.0,1.0,771.8776919355432,730.0,718.0,2022,8,24,17,Wednesday,주중
2022-08-26 17:13:00,27.3,0.64,1004.0,13.6,692.0,1.0,777.644501457705,733.0,721.0,2022,8,26,17,Friday,주중
2022-08-29 17:56:00,21.1,0.604,1013.2,14.4,700.0,1.0,771.9078911057655,763.0,748.0,2022,8,29,17,Monday,주중
2022-09-01 17:12:00,28.5,0.698,1010.7,0.0,688.0,0.0,774.8700422821081,732.0,719.0,2022,9,1,17,Thursday,주중
2022-09-07 15:16:00,27.8,0.349,1015.1,0.0,695.0,0.0,777.8066367249918,741.0,728.0,2022,9,7,15,Wednesday,주중
2022-09-14 16:48:00,27.6,0.46,1012.0,0.0,690.0,0.0,762.1549580599532,725.0,712.0,2022,9,14,16,Wednesday,주중
2022-09-15 18:00:00,28.0,0.562,1006.7,0.0,691.0,0.0,763.7341142502116,722.0,708.0,2022,9,15,18,Thursday,주중
2022-11-07 09:00:00,8.1,0.76,1022.6,0.0,691.0,0.0,793.0531801049711,839.0,825.0,2022,11,7,9,Monday,주중
2022-11-07 15:06:00,16.3,0.36700000000000005,1019.6,0.0,701.0,0.0,798.6207627576931,815.0,799.0,2022,11,7,15,Monday,주중
2022-11-08 08:58:00,11.6,0.742,1023.8,0.0,701.0,0.0,795.9431600020317,833.0,817.0,2022,11,8,8,Tuesday,주중
2022-11-09 09:17:00,9.5,0.899,1024.7,0.0,703.0,0.0,796.8687303504219,842.0,826.0,2022,11,9,9,Wednesday,주중
2022-11-09 10:08:00,10.9,0.838,1024.9,0.0,701.0,0.0,800.4357460876846,842.0,825.0,2022,11,9,10,Wednesday,주중
2022-11-15 17:07:00,13.2,0.57,1014.2,280.4,715.0,28.0,758.8145780523312,752.0,738.0,2022,11,15,17,Tuesday,주중
2022-11-16 15:13:00,13.7,0.43,1018.4,0.0,705.0,0.0,804.787971057851,831.0,814.0,2022,11,16,15,Wednesday,주중
2022-11-23 14:17:00,14.0,0.47100000000000003,1015.4,17.7,707.0,2.0,800.369500573101,820.0,804.0,2022,11,23,14,Wednesday,주중
2022-11-23 15:40:00,14.0,0.413,1015.5,0.0,705.0,0.0,802.2751636592475,826.0,808.0,2022,11,23,15,Wednesday,주중
2022-11-23 17:38:00,13.1,0.41200000000000003,1015.8,0.0,706.0,0.0,803.7245295970739,829.0,813.0,2022,11,23,17,Wednesday,주중
2022-11-30 08:39:00,-5.1,0.386,1031.3,342.0,715.0,34.0,742.3631797361103,792.0,782.0,2022,11,30,8,Wednesday,주중
2022-11-30 15:34:00,-2.6,0.29600000000000004,1029.6,0.0,713.0,0.0,798.1936184716462,886.0,869.0,2022,11,30,15,Wednesday,주중
2022-12-15 11:37:00,-2.1,0.718,1021.9,347.3,716.0,35.0,743.5982389410214,780.0,767.0,2022,12,15,11,Thursday,주중
2022-12-23 09:56:00,-10.4,0.513,1012.0,340.0,721.0,34.0,746.0999182824714,795.0,783.0,2022,12,23,9,Friday,주중
2022-12-26 10:15:00,-3.7,0.7020000000000001,1025.0,342.8,719.0,34.0,743.0113627659227,785.0,774.0,2022,12,26,10,Monday,주중
2023-01-25 10:19:00,-11.6,0.308,1031.4,351.7,719.0,35.0,746.1754809271612,814.0,801.0,2023,1,25,10,Wednesday,주중
2023-01-27 09:42:00,-5.7,0.36700000000000005,1022.2,356.2,719.0,36.0,741.4246249497677,785.0,773.0,2023,1,27,9,Friday,주중
2023-02-02 09:59:00,-2.0,0.43,1027.3,280.1,715.0,28.0,752.7166439422967,799.0,788.0,2023,2,2,9,Thursday,주중
2023-02-06 09:27:00,0.5,0.833,1022.3,247.0,716.0,25.0,761.9207035946231,801.0,790.0,2023,2,6,9,Monday,주중
2023-03-02 14:50:00,4.0,0.297,1026.0,197.8,708.0,20.0,772.333847348368,812.0,799.0,2023,3,2,14,Thursday,주중
2023-03-08 11:42:00,17.2,0.39399999999999996,1017.8,0.0,707.0,0.0,786.4572860323784,797.0,782.0,2023,3,8,11,Wednesday,주중
2023-04-05 17:51:00,11.4,0.991,1005.9,0.0,705.0,0.0,805.6736177918344,829.0,813.0,2023,4,5,17,Wednesday,주중
2023-04-11 10:45:00,17.7,0.6709999999999999,1007.1,305.0,722.0,31.0,749.9925942237912,716.0,705.0,2023,4,11,10,Tuesday,주중
2023-05-02 13:55:00,24.7,0.166,1020.6,15.4,702.0,2.0,789.8461786135738,770.0,755.0,2023,5,2,13,Tuesday,주중
2023-05-25 09:50:00,23.0,0.305,1015.0,0.0,701.0,0.0,775.3431350668338,762.0,746.0,2023,5,25,9,Thursday,주중
2023-05-31 13:28:00,27.1,0.41700000000000004,1009.0,0.0,697.0,0.0,772.8591290774095,737.0,722.0,2023,5,31,13,Wednesday,주중
2023-06-19 14:00:00,32.4,0.462,1003.4,0.0,686.0,0.0,787.8459566940221,723.0,708.0,2023,6,19,14,Monday,주중
2023-07-03 16:43:00,34.6,0.57,1001.8,12.6,682.0,1.0,789.5078271900154,711.0,697.0,2023,7,3,16,Monday,주중
2023-07-06 15:28:00,32.7,0.6509999999999999,999.6,0.0,682.0,0.0,789.0297842635606,719.0,705.0,2023,7,6,15,Thursday,주중
2023-07-25 14:17:00,31.7,0.727,1010.9,0.0,682.0,0.0,788.3098388821252,731.0,717.0,2023,7,25,14,Tuesday,주중
2023-08-21 14:37:00,34.6,0.606,1004.6,0.0,680.0,0.0,780.5471281439935,707.0,692.0,2023,8,21,14,Monday,주중
2023-08-21 15:08:00,34.3,0.5920000000000001,1004.7,0.0,679.0,0.0,786.7548914963608,713.0,699.0,2023,8,21,15,Monday,주중
2023-08-22 11:21:00,30.4,0.715,1002.0,0.0,677.0,0.0,778.8190058369704,722.0,708.0,2023,8,22,11,Tuesday,주중
2023-08-23 11:25:00,25.0,0.9420000000000001,1003.5,0.0,682.0,0.0,779.3202944453141,746.0,733.0,2023,8,23,11,Wednesday,주중
2023-09-05 11:42:00,30.0,0.615,1010.8,0.0,684.0,0.0,773.3402291788568,725.0,711.0,2023,9,5,11,Tuesday,주중
2023-09-06 11:20:00,30.1,0.649,1010.2,0.0,681.0,0.0,779.736369312023,730.0,716.0,2023,9,6,11,Wednesday,주중
2023-09-07 11:47:00,29.5,0.39,1014.0,0.0,691.0,0.0,784.6713704457427,740.0,726.0,2023,9,7,11,Thursday,주중
2023-11-28 10:49:00,2.8,0.317,1021.0,251.0,716.0,25.0,760.5920031350554,792.0,781.0,2023,11,28,10,Tuesday,주중
2023-11-30 11:41:00,-2.4,0.35,1028.0,333.0,721.0,33.0,745.6859932850596,787.0,777.0,2023,11,30,11,Thursday,주중
2023-12-26 10:53:00,4.7,0.682,1027.8,351.5,722.0,35.0,746.5074293637209,766.0,756.0,2023,12,26,10,Tuesday,주중
2024-01-02 13:52:00,5.2,0.532,1020.0,235.0,714.0,24.0,767.1507439368287,794.0,781.0,2024,1,2,13,Tuesday,주중
2024-04-15 08:50:00,16.5,0.8690000000000001,1009.0,0.0,695.6,0.0,788.701888496874,796.0,780.0,2024,4,15,8,Monday,주중
2024-05-08 14:53:00,18.5,0.389,1016.0,0.0,692.9,0.0,801.0749951787217,777.0,790.0,2024,5,8,14,Wednesday,주중
2024-05-09 09:20:00,17.3,0.48700000000000004,1017.0,0.0,693.3,0.0,789.4872802176194,799.0,784.0,2024,5,9,9,Thursday,주중
2024-06-11 09:05:00,24.7,0.6729999999999999,1007.0,0.0,681.8,0.0,777.3984105180155,751.0,735.0,2024,6,11,9,Tuesday,주중
2024-07-22 09:01:00,28.2,0.8490000000000001,1006.0,0.0,673.9,0.0,770.5997659694958,728.0,713.0,2024,7,22,9,Monday,주중
2024-07-29 09:11:00,30.0,0.8370000000000001,1009.0,0.0,671.9,0.0,773.6409275481423,726.0,710.0,2024,7,29,9,Monday,주중
2024-08-03 11:26:00,33.19,0.6990000000000001,1006.0,0.0,670.06,0.0,775.427255213231,710.0,695.0,2024,8,3,11,Saturday,주말
2024-08-03 15:24:00,33.74,0.6369,1005.0,0.0,668.25,0.0,777.9426445843447,708.0,694.0,2024,8,3,15,Saturday,주말
2024-08-04 13:04:00,34.97,0.6547,1006.0,0.0,666.96,0.0,775.7930580410621,701.0,687.0,2024,8,4,13,Sunday,주말
2024-08-07 09:54:00,30.45,0.7595999999999999,1006.0,0.0,669.78,0.0,775.9749098770872,723.0,708.0,2024,8,7,9,Wednesday,주중
2024-08-13 13:50:00,34.44,0.5954999999999999,1006.0,0.0,666.79,0.0,774.1100129325894,703.0,688.0,2024,8,13,13,Tuesday,주중
2024-08-13 16:00:00,34.34,0.5611,1005.0,0.0,667.21,0.0,770.8193111182173,699.64,684.86,2024,8,13,16,Tuesday,주중
2024-08-19 09:58:00,31.97,0.711,1007.0,0.0,669.2,0.0,769.5541866838095,711.0,696.0,2024,8,19,9,Monday,주중
2024-08-28 13:23:00,32.96,0.39880000000000004,1005.0,0.0,672.97,0.0,767.998357502817,703.28,688.71,2024,8,28,13,Wednesday,주중
2024-09-05 11:00:00,30.94,0.5733,1006.0,0.0,673.1,0.0,774.048974653982,719.79,704.04,2024,9,5,11,Thursday,주중
2024-09-09 10:36:00,30.6,0.5943,1012.0,0.0,672.18,0.0,769.7039325756674,720.38,705.82,2024,9,9,10,Monday,주중
2024-09-09 12:45:00,33.26,0.5334,1011.0,0.0,671.3,0.0,777.4964294555061,713.81,700.01,2024,9,9,12,Monday,주중
2024-12-17 09:30:00,0.86,0.294,1024.0,351.0,721.38,35.0,741.0470985413032,770.43,758.05,2024,12,17,9,Tuesday,주중
2024-12-18 11:18:00,-2.1,0.13,1025.0,354.0,722.6,35.0,741.2801915937019,777.0,767.0,2024,12,18,11,Wednesday,주중
2024-01-07 14:37:00,1.0,0.33899999999999997,1015.0,341.0,718.0,34.0,745.2604275945052,766.0,756.0,2024,1,7,14,Sunday,주말
2024-01-07 16:55:00,0.2,0.33399999999999996,1016.0,343.0,715.0,34.0,743.4162936674284,767.0,757.0,2024,1,7,16,Sunday,주말
2025-02-04 10:00:00,-8.8,0.225,1019.0,352.0,720.0,35.0,737.9123141033567,785.0,775.0,2025,2,4,10,Tuesday,주중
2025-02-10 08:37:00,-6.27,0.6159,1025.0,356.0,725.33,36.0,735.3971343449705,782.11,770.08,2025,2,10,8,Monday,주중
2025-03-07 08:04:00,0.47,0.5623,1027.0,344.0,724.2,34.0,736.0527897108204,769.23,757.15,2025,3,7,8,Friday,주중
2025-05-16 11:00:00,21.33,0.9558,1012.0,0.0,678.0,0.0,778.4168118753431,770.23,753.49,2025,5,16,11,Friday,주중
2025-05-16 13:09:00,23.6,0.8815000000000001,1010.0,0.0,675.9,0.0,778.8334569713351,757.0,743.15,2025,5,16,13,Friday,주중
2025-05-23 13:54:00,21.5,0.1856,1008.0,0.0,690.6,0.0,774.462789779053,762.0,746.0,2025,5,23,13,Friday,주중
2025-05-30 10:40:00,23.36,0.324,1012.0,0.0,687.5,0.0,777.7584846868356,759.7,744.6,2025,5,30,10,Friday,주중
2025-06-04 08:10:00,20.8,0.36,1002.0,0.0,690.6,0.0,787.8151159502926,774.38,757.15,2025,6,4,8,Wednesday,주중
2025-06-09 13:03:00,27.0,0.5710000000000001,1005.0,0.0,676.1,0.0,775.6969317993044,735.8000000000001,722.2,2025,6,9,13,Monday,주중
2025-06-27 08:40:00,23.2,0.773,1008.0,0.0,677.0,0.0,777.4542212054231,755.0,742.0,2025,6,27,8,Friday,주중
2025-06-30 13:09:00,32.4,0.619,1009.0,0.0,672.0,0.0,776.826979241028,717.0,702.0,2025,6,30,13,Monday,주중
2025-07-01 16:10:00,31.4,0.634,1009.0,0.0,666.6,0.0,777.2793169483724,720.0,707.0,2025,7,1,16,Tuesday,주중
2025-07-02 19:30:00,29.97,0.7308,1009.0,0.0,666.75,0.0,778.1140637740596,730.6,714.24,2025,7,2,19,Wednesday,주중
2025-07-03 15:00:00,32.780895,0.5741773,1007.6479,0.0,669.0046168270417,0.0,777.5207159596133,714.386,699.92,2025,7,3,15,Thursday,주중
2025-07-03 17:00:00,31.89218,0.60476383,1007.272,0.0,667.076133234641,0.0,800.5755280232329,739.81,724.62,2025,7,3,17,Thursday,주중
2025-07-07 16:30:00,31.44,0.6384000000000001,1004.0,0.0,665.1,0.0,774.3312030655469,714.85,700.64,2025,7,7,16,Monday,주중
2025-07-22 10:50:00,32.1,0.735,1013.0,0.0,672.0,0.0,768.9097952913053,711.0,699.0,2025,7,22,10,Tuesday,주중
2025-07-23 11:50:00,32.6,0.6361,1012.0,100.0,684.88,10.0,763.7481324706315,696.78,681.34,2025,7,23,11,Wednesday,주중
2025-08-18 14:00:00,33.56,0.685,1012.0,0.0,668.23,0.0,779.403721863779,716.0489,701.02,2025,8,18,14,Monday,주중
2025-08-29 09:51:00,31.2,0.573,1012.0,0.0,665.661,0.0,767.9927337516924,716.0284,701.5521,2025,8,29,9,Friday,주중
