Decoration_Type,Region,Sales
트리,북부,64
트리,남부,67
트리,동부,84
트리,서부,87
트리,북부,87
트리,남부,29
트리,동부,41
트리,서부,56
트리,북부,90
트리,남부,32
트리,동부,78
트리,서부,85
조명,북부,59
조명,남부,66
조명,동부,57
조명,서부,45
조명,북부,97
조명,남부,92
조명,동부,29
조명,서부,40
조명,북부,89
조명,남부,99
조명,동부,67
조명,서부,84
장식품,북부,69
장식품,남부,49
장식품,동부,39
장식품,서부,39
장식품,북부,34
장식품,남부,59
장식품,동부,52
장식품,서부,85
장식품,북부,29
장식품,남부,77
장식품,동부,52
장식품,서부,51
